

BEGIN;
	INSERT INTO clinicalcode_operator (id, description) VALUES (1, 'equal');
	INSERT INTO clinicalcode_operator (id, description) VALUES (2, 'not_equal');
	INSERT INTO clinicalcode_operator (id, description) VALUES (3, 'in');
	INSERT INTO clinicalcode_operator (id, description) VALUES (4, 'not_in');
	INSERT INTO clinicalcode_operator (id, description) VALUES (5, 'less');
	INSERT INTO clinicalcode_operator (id, description) VALUES (6, 'less_or_equal');
	INSERT INTO clinicalcode_operator (id, description) VALUES (7, 'greater');
	INSERT INTO clinicalcode_operator (id, description) VALUES (8, 'greater_or_equal');
	INSERT INTO clinicalcode_operator (id, description) VALUES (9, 'between');
	INSERT INTO clinicalcode_operator (id, description) VALUES (10, 'not_between');
	INSERT INTO clinicalcode_operator (id, description) VALUES (11, 'begins_with');
	INSERT INTO clinicalcode_operator (id, description) VALUES (12, 'not_begins_with');
	INSERT INTO clinicalcode_operator (id, description) VALUES (13, 'contains');
	INSERT INTO clinicalcode_operator (id, description) VALUES (14, 'not_contains');
	INSERT INTO clinicalcode_operator (id, description) VALUES (15, 'ends_with');
	INSERT INTO clinicalcode_operator (id, description) VALUES (16, 'not_ends_with');
	INSERT INTO clinicalcode_operator (id, description) VALUES (17, 'is_empty');
	INSERT INTO clinicalcode_operator (id, description) VALUES (18, 'is_not_empty');
	INSERT INTO clinicalcode_operator (id, description) VALUES (19, 'is_null');
	INSERT INTO clinicalcode_operator (id, description) VALUES (20, 'is_not_null');

	SELECT pg_catalog.setval('clinicalcode_operator_id_seq', 40, true);

	INSERT INTO clinicalcode_codingsystem (id, name, description, link, table_name, code_column_name, desc_column_name, database_connection_name, filter) VALUES (5, 'Read codes v2', 'Read codes v2', ' ', 'clinicalcode_read_cd_cv2_scd', 'READ_CODE', 'PREF_TERM_30', 'default', NULL);
	INSERT INTO clinicalcode_codingsystem (id, name, description, link, table_name, code_column_name, desc_column_name, database_connection_name, filter) VALUES (6, 'Read codes v3', 'Read codes v3', ' ', 'clinicalcode_read_cd_cv3_terms_scd', 'TERM_ID', 'TERM_30', 'default', NULL);
	INSERT INTO clinicalcode_codingsystem (id, name, description, link, table_name, code_column_name, desc_column_name, database_connection_name, filter) VALUES (7, 'OPCS4 codes', 'OPCS4 codes', ' ', 'clinicalcode_opcs4_codes_and_titles', 'CODE_WITH_DECIMAL', 'TITLE', 'default', ' AND (effective_to is null)');
	INSERT INTO clinicalcode_codingsystem (id, name, description, link, table_name, code_column_name, desc_column_name, database_connection_name, filter) VALUES (4, 'ICD10 codes', 'ICD10 Codes', ' ', 'clinicalcode_icd10_codes_and_titles_and_metadata', 'CODE', 'DESCRIPTION', 'default', ' AND (effective_to is null)');
	INSERT INTO clinicalcode_codingsystem (id, name, description, link, table_name, code_column_name, desc_column_name, database_connection_name, filter) VALUES (8, 'Med codes', 'Med codes', ' ', 'MED_CODES', 'CODE', 'DESCRIPTION', 'default', NULL);
	INSERT INTO clinicalcode_codingsystem (id, name, description, link, table_name, code_column_name, desc_column_name, database_connection_name, filter) VALUES (9, 'SNOMED codes', 'SNOMED codes', ' ', 'SNOMED_CODES', 'CODE', 'DESCRIPTION', 'default', NULL);
	INSERT INTO clinicalcode_codingsystem (id, name, description, link, table_name, code_column_name, desc_column_name, database_connection_name, filter) VALUES (10, 'PROD codes', 'PROD codes', ' ', 'PROD_CODES', 'CODE', 'DESCRIPTION', 'default', NULL);
	INSERT INTO clinicalcode_codingsystem (id, name, description, link, table_name, code_column_name, desc_column_name, database_connection_name, filter) VALUES (11, 'BNF codes', 'BNF codes', ' ', 'BNF_CODES', 'CODE', 'DESCRIPTION', 'default', NULL);
	INSERT INTO clinicalcode_codingsystem (id, name, description, link, table_name, code_column_name, desc_column_name, database_connection_name, filter) VALUES (12, 'UKBioBank codes', 'UKBioBank codes', ' ', 'UKBIOBANK_CODES', 'CODE', 'DESCRIPTION', 'default', NULL);

	SELECT pg_catalog.setval('clinicalcode_codingsystem_id_seq', 12, true);
	
	-- add the clinicalcode_codingsystemfilter

	INSERT INTO clinicalcode_codingsystemfilter (coding_system_filter_id, id, label, type, coding_system_id) VALUES (3, 'UPPER(read_code)', 'Read code', 'string', 5);
	INSERT INTO clinicalcode_codingsystemfilter (coding_system_filter_id, id, label, type, coding_system_id) VALUES (4, 'UPPER(pref_term_30)', 'Pref term 30', 'string', 5);
	INSERT INTO clinicalcode_codingsystemfilter (coding_system_filter_id, id, label, type, coding_system_id) VALUES (5, 'created_date', 'Created date', 'date', 5);	
	INSERT INTO clinicalcode_codingsystemfilter (coding_system_filter_id, id, label, type, coding_system_id) VALUES (6, 'UPPER(pref_term_60)', 'Pref term 60', 'string', 5);
	INSERT INTO clinicalcode_codingsystemfilter (coding_system_filter_id, id, label, type, coding_system_id) VALUES (7, 'UPPER(pref_term_198)', 'Pref term 198', 'string', 5);
	INSERT INTO clinicalcode_codingsystemfilter (coding_system_filter_id, id, label, type, coding_system_id) VALUES (8, 'UPPER(icd9_code)', 'ICD9 code', 'string', 5);
	INSERT INTO clinicalcode_codingsystemfilter (coding_system_filter_id, id, label, type, coding_system_id) VALUES (9, 'UPPER(icd9_code_def)', 'ICD9 code def', 'string', 5);
	INSERT INTO clinicalcode_codingsystemfilter (coding_system_filter_id, id, label, type, coding_system_id) VALUES (10, 'UPPER(icd9_cm_code)', 'ICD9 cm code', 'string', 5);
	INSERT INTO clinicalcode_codingsystemfilter (coding_system_filter_id, id, label, type, coding_system_id) VALUES (11, 'UPPER(icd9_cm_code_def)', 'ICD9 cm code def', 'string', 5);
	INSERT INTO clinicalcode_codingsystemfilter (coding_system_filter_id, id, label, type, coding_system_id) VALUES (12, 'UPPER(opcs_4_2_code)', 'OPCS 4.2 code', 'string', 5);
	INSERT INTO clinicalcode_codingsystemfilter (coding_system_filter_id, id, label, type, coding_system_id) VALUES (13, 'UPPER(opcs_4_2_code_def)', 'OPCS 4.2 code def', 'string', 5);
	INSERT INTO clinicalcode_codingsystemfilter (coding_system_filter_id, id, label, type, coding_system_id) VALUES (14, 'UPPER(speciality_flag)', 'Speciality flag', 'string', 5);
	INSERT INTO clinicalcode_codingsystemfilter (coding_system_filter_id, id, label, type, coding_system_id) VALUES (15, 'UPPER(status_flag)', 'Status flag', 'string', 5);
	INSERT INTO clinicalcode_codingsystemfilter (coding_system_filter_id, id, label, type, coding_system_id) VALUES (16, 'UPPER(language_code)', 'Language code', 'string', 5);
	INSERT INTO clinicalcode_codingsystemfilter (coding_system_filter_id, id, label, type, coding_system_id) VALUES (17, 'UPPER(source_file_name character)', 'Source file name character', 'string', 5);
	INSERT INTO clinicalcode_codingsystemfilter (coding_system_filter_id, id, label, type, coding_system_id) VALUES (18, 'in_source_data', 'In source data', 'integer', 5);
	INSERT INTO clinicalcode_codingsystemfilter (coding_system_filter_id, id, label, type, coding_system_id) VALUES (19, 'import_date', 'Import date', 'datetime', 5);
	INSERT INTO clinicalcode_codingsystemfilter (coding_system_filter_id, id, label, type, coding_system_id) VALUES (20, 'is_latest', 'Is latest', 'integer', 5);
	INSERT INTO clinicalcode_codingsystemfilter (coding_system_filter_id, id, label, type, coding_system_id) VALUES (21, 'effective_from', 'Effective from', 'datetime', 5);
	INSERT INTO clinicalcode_codingsystemfilter (coding_system_filter_id, id, label, type, coding_system_id) VALUES (22, 'effective_to', 'Effective to', 'datetime', 5);
	INSERT INTO clinicalcode_codingsystemfilter (coding_system_filter_id, id, label, type, coding_system_id) VALUES (23, 'avail_from_dt', 'Avail from dt', 'date', 5);

	INSERT INTO clinicalcode_codingsystemfilter (coding_system_filter_id, id, label, type, coding_system_id) VALUES (24, 'UPPER(term_id)', 'Term id', 'string', 6);
	INSERT INTO clinicalcode_codingsystemfilter (coding_system_filter_id, id, label, type, coding_system_id) VALUES (25, 'UPPER(term_status)', 'Term status', 'string', 6);
	INSERT INTO clinicalcode_codingsystemfilter (coding_system_filter_id, id, label, type, coding_system_id) VALUES (26, 'UPPER(term_30)', 'Term 30', 'string', 6);
	INSERT INTO clinicalcode_codingsystemfilter (coding_system_filter_id, id, label, type, coding_system_id) VALUES (27, 'UPPER(term_60)', 'Term_60', 'string', 6);
	INSERT INTO clinicalcode_codingsystemfilter (coding_system_filter_id, id, label, type, coding_system_id) VALUES (28, 'UPPER(term_198)', 'Term 198', 'string', 6);
	INSERT INTO clinicalcode_codingsystemfilter (coding_system_filter_id, id, label, type, coding_system_id) VALUES (29, 'in_source_data', 'In source data', 'integer', 6);
	INSERT INTO clinicalcode_codingsystemfilter (coding_system_filter_id, id, label, type, coding_system_id) VALUES (30, 'import_date', 'Import date', 'datetime', 6);
	INSERT INTO clinicalcode_codingsystemfilter (coding_system_filter_id, id, label, type, coding_system_id) VALUES (31, 'created_date', 'Created date', 'date', 6);
	INSERT INTO clinicalcode_codingsystemfilter (coding_system_filter_id, id, label, type, coding_system_id) VALUES (32, 'is_latest', 'Is latest', 'integer', 6);	
	INSERT INTO clinicalcode_codingsystemfilter (coding_system_filter_id, id, label, type, coding_system_id) VALUES (33, 'effective_from', 'Effective from', 'datetime', 6);
	INSERT INTO clinicalcode_codingsystemfilter (coding_system_filter_id, id, label, type, coding_system_id) VALUES (34, 'effective_to', 'Effective to', 'datetime', 6);
	INSERT INTO clinicalcode_codingsystemfilter (coding_system_filter_id, id, label, type, coding_system_id) VALUES (35, 'avail_from_dt', 'Avail from dt', 'date', 6);

	INSERT INTO clinicalcode_codingsystemfilter (coding_system_filter_id, id, label, type, coding_system_id) VALUES (36, 'UPPER(code_with_decimal)', 'Code with decimal', 'string', 7);
	INSERT INTO clinicalcode_codingsystemfilter (coding_system_filter_id, id, label, type, coding_system_id) VALUES (37, 'UPPER(code_without_decimal)', 'Code without decimal', 'string', 7);
	INSERT INTO clinicalcode_codingsystemfilter (coding_system_filter_id, id, label, type, coding_system_id) VALUES (38, 'UPPER(title)', 'Title', 'string', 7);
	INSERT INTO clinicalcode_codingsystemfilter (coding_system_filter_id, id, label, type, coding_system_id) VALUES (39, 'opcs_version', 'OPCS version', 'string', 7);
	INSERT INTO clinicalcode_codingsystemfilter (coding_system_filter_id, id, label, type, coding_system_id) VALUES (40, 'import_date', 'Import date', 'date', 7);
	INSERT INTO clinicalcode_codingsystemfilter (coding_system_filter_id, id, label, type, coding_system_id) VALUES (41, 'created_date', 'Created date', 'date', 7);
	INSERT INTO clinicalcode_codingsystemfilter (coding_system_filter_id, id, label, type, coding_system_id) VALUES (42, 'effective_from', 'Effective from', 'datetime', 7);
	INSERT INTO clinicalcode_codingsystemfilter (coding_system_filter_id, id, label, type, coding_system_id) VALUES (43, 'effective_to', 'Effective to', 'datetime', 7);
	INSERT INTO clinicalcode_codingsystemfilter (coding_system_filter_id, id, label, type, coding_system_id) VALUES (44, 'avail_from_dt', 'Avail from dt', 'date', 7);

	INSERT INTO clinicalcode_codingsystemfilter (coding_system_filter_id, id, label, type, coding_system_id) VALUES (45, 'UPPER(t.code)', 'Code', 'string', 4);
	INSERT INTO clinicalcode_codingsystemfilter (coding_system_filter_id, id, label, type, coding_system_id) VALUES (46, 'UPPER(alt_code)', 'Alt code', 'string', 4);
	INSERT INTO clinicalcode_codingsystemfilter (coding_system_filter_id, id, label, type, coding_system_id) VALUES (47, 'UPPER(usage)', 'Usage', 'string', 4);
	INSERT INTO clinicalcode_codingsystemfilter (coding_system_filter_id, id, label, type, coding_system_id) VALUES (48, 'usage_uk', 'Usage UK', 'integer', 4);
	INSERT INTO clinicalcode_codingsystemfilter (coding_system_filter_id, id, label, type, coding_system_id) VALUES (49, 'UPPER(t.description)', 'Description', 'string', 4);
	INSERT INTO clinicalcode_codingsystemfilter (coding_system_filter_id, id, label, type, coding_system_id) VALUES (50, 'UPPER(modifier_4)', 'Modifier 4', 'string', 4);
	INSERT INTO clinicalcode_codingsystemfilter (coding_system_filter_id, id, label, type, coding_system_id) VALUES (51, 'UPPER(modifier_5)', 'Modifier 5', 'string', 4);
	INSERT INTO clinicalcode_codingsystemfilter (coding_system_filter_id, id, label, type, coding_system_id) VALUES (52, 'UPPER(qualifiers)', 'Qualifiers', 'string', 4);
	INSERT INTO clinicalcode_codingsystemfilter (coding_system_filter_id, id, label, type, coding_system_id) VALUES (53, 'gender_mask', 'Gender Mask', 'integer', 4);
	INSERT INTO clinicalcode_codingsystemfilter (coding_system_filter_id, id, label, type, coding_system_id) VALUES (54, 'min_age', 'Min age', 'integer', 4);
	INSERT INTO clinicalcode_codingsystemfilter (coding_system_filter_id, id, label, type, coding_system_id) VALUES (55, 'max_age', 'Max age', 'integer', 4);
	INSERT INTO clinicalcode_codingsystemfilter (coding_system_filter_id, id, label, type, coding_system_id) VALUES (56, 'UPPER(tree_description)', 'Tree Description', 'string', 4);
	INSERT INTO clinicalcode_codingsystemfilter (coding_system_filter_id, id, label, type, coding_system_id) VALUES (57, 'chapter_number', 'Chapter Number', 'integer', 4);
	INSERT INTO clinicalcode_codingsystemfilter (coding_system_filter_id, id, label, type, coding_system_id) VALUES (58, 'UPPER(chapter_code)', 'Chapter Code', 'string', 4);
	INSERT INTO clinicalcode_codingsystemfilter (coding_system_filter_id, id, label, type, coding_system_id) VALUES (59, 'UPPER(chapter_description)', 'Chapter Description', 'string', 4);
	INSERT INTO clinicalcode_codingsystemfilter (coding_system_filter_id, id, label, type, coding_system_id) VALUES (60, 'UPPER(category_1_code)', 'Category 1 code', 'string', 4);
	INSERT INTO clinicalcode_codingsystemfilter (coding_system_filter_id, id, label, type, coding_system_id) VALUES (61, 'UPPER(category_1_description)', 'Category 1 description', 'string', 4);
	INSERT INTO clinicalcode_codingsystemfilter (coding_system_filter_id, id, label, type, coding_system_id) VALUES (62, 'UPPER(category_2_code)', 'Category 2 code', 'string', 4);
	INSERT INTO clinicalcode_codingsystemfilter (coding_system_filter_id, id, label, type, coding_system_id) VALUES (63, 'UPPER(category_2_description)', 'Category 2 description', 'string', 4);
	INSERT INTO clinicalcode_codingsystemfilter (coding_system_filter_id, id, label, type, coding_system_id) VALUES (64, 'UPPER(category_3_code)', 'Category 3 code', 'string', 4);
	INSERT INTO clinicalcode_codingsystemfilter (coding_system_filter_id, id, label, type, coding_system_id) VALUES (65, 'UPPER(category_3_description)', 'Category 3 description', 'string', 4);
	INSERT INTO clinicalcode_codingsystemfilter (coding_system_filter_id, id, label, type, coding_system_id) VALUES (66, 'UPPER(icd_version)', 'ICD version', 'string', 4);
	INSERT INTO clinicalcode_codingsystemfilter (coding_system_filter_id, id, label, type, coding_system_id) VALUES (67, 'import_date', 'Import date', 'date', 4);
	INSERT INTO clinicalcode_codingsystemfilter (coding_system_filter_id, id, label, type, coding_system_id) VALUES (68, 'created_date', 'Created date', 'date', 4);
	INSERT INTO clinicalcode_codingsystemfilter (coding_system_filter_id, id, label, type, coding_system_id) VALUES (69, 'effective_from', 'Effective from', 'datetime', 4);
	INSERT INTO clinicalcode_codingsystemfilter (coding_system_filter_id, id, label, type, coding_system_id) VALUES (70, 'effective_to', 'Effective to', 'datetime', 4);
	INSERT INTO clinicalcode_codingsystemfilter (coding_system_filter_id, id, label, type, coding_system_id) VALUES (71, 'avail_from_dt', 'Avail from dt', 'date', 4);



	SELECT pg_catalog.setval('clinicalcode_codingsystemfilter_coding_system_filter_id_seq', 71, true);
	
	INSERT INTO clinicalcode_codingsystemfilter_operators (id, codingsystemfilter_id, operator_id) VALUES (33, 3, 1);
	INSERT INTO clinicalcode_codingsystemfilter_operators (id, codingsystemfilter_id, operator_id) VALUES (34, 3, 2);
	INSERT INTO clinicalcode_codingsystemfilter_operators (id, codingsystemfilter_id, operator_id) VALUES (35, 3, 3);
	INSERT INTO clinicalcode_codingsystemfilter_operators (id, codingsystemfilter_id, operator_id) VALUES (36, 3, 4);
	INSERT INTO clinicalcode_codingsystemfilter_operators (id, codingsystemfilter_id, operator_id) VALUES (37, 3, 11);
	INSERT INTO clinicalcode_codingsystemfilter_operators (id, codingsystemfilter_id, operator_id) VALUES (38, 3, 12);
	INSERT INTO clinicalcode_codingsystemfilter_operators (id, codingsystemfilter_id, operator_id) VALUES (39, 3, 13);
	INSERT INTO clinicalcode_codingsystemfilter_operators (id, codingsystemfilter_id, operator_id) VALUES (40, 3, 14);
	INSERT INTO clinicalcode_codingsystemfilter_operators (id, codingsystemfilter_id, operator_id) VALUES (41, 3, 15);
	INSERT INTO clinicalcode_codingsystemfilter_operators (id, codingsystemfilter_id, operator_id) VALUES (42, 3, 16);
	INSERT INTO clinicalcode_codingsystemfilter_operators (id, codingsystemfilter_id, operator_id) VALUES (43, 3, 17);
	INSERT INTO clinicalcode_codingsystemfilter_operators (id, codingsystemfilter_id, operator_id) VALUES (44, 3, 18);
	INSERT INTO clinicalcode_codingsystemfilter_operators (id, codingsystemfilter_id, operator_id) VALUES (45, 3, 19);
	INSERT INTO clinicalcode_codingsystemfilter_operators (id, codingsystemfilter_id, operator_id) VALUES (46, 3, 20);
	INSERT INTO clinicalcode_codingsystemfilter_operators (id, codingsystemfilter_id, operator_id) VALUES (47, 4, 1);
	INSERT INTO clinicalcode_codingsystemfilter_operators (id, codingsystemfilter_id, operator_id) VALUES (48, 4, 2);
	INSERT INTO clinicalcode_codingsystemfilter_operators (id, codingsystemfilter_id, operator_id) VALUES (49, 4, 3);
	INSERT INTO clinicalcode_codingsystemfilter_operators (id, codingsystemfilter_id, operator_id) VALUES (50, 4, 4);
	INSERT INTO clinicalcode_codingsystemfilter_operators (id, codingsystemfilter_id, operator_id) VALUES (51, 4, 11);
	INSERT INTO clinicalcode_codingsystemfilter_operators (id, codingsystemfilter_id, operator_id) VALUES (52, 4, 12);
	INSERT INTO clinicalcode_codingsystemfilter_operators (id, codingsystemfilter_id, operator_id) VALUES (53, 4, 13);
	INSERT INTO clinicalcode_codingsystemfilter_operators (id, codingsystemfilter_id, operator_id) VALUES (54, 4, 14);
	INSERT INTO clinicalcode_codingsystemfilter_operators (id, codingsystemfilter_id, operator_id) VALUES (55, 4, 15);
	INSERT INTO clinicalcode_codingsystemfilter_operators (id, codingsystemfilter_id, operator_id) VALUES (56, 4, 16);
	INSERT INTO clinicalcode_codingsystemfilter_operators (id, codingsystemfilter_id, operator_id) VALUES (57, 4, 17);
	INSERT INTO clinicalcode_codingsystemfilter_operators (id, codingsystemfilter_id, operator_id) VALUES (58, 4, 18);
	INSERT INTO clinicalcode_codingsystemfilter_operators (id, codingsystemfilter_id, operator_id) VALUES (59, 4, 19);
	INSERT INTO clinicalcode_codingsystemfilter_operators (id, codingsystemfilter_id, operator_id) VALUES (60, 4, 20);
	INSERT INTO clinicalcode_codingsystemfilter_operators (id, codingsystemfilter_id, operator_id) VALUES (61, 5, 1);
	INSERT INTO clinicalcode_codingsystemfilter_operators (id, codingsystemfilter_id, operator_id) VALUES (62, 5, 2);
	INSERT INTO clinicalcode_codingsystemfilter_operators (id, codingsystemfilter_id, operator_id) VALUES (63, 5, 3);
	INSERT INTO clinicalcode_codingsystemfilter_operators (id, codingsystemfilter_id, operator_id) VALUES (64, 5, 4);
	INSERT INTO clinicalcode_codingsystemfilter_operators (id, codingsystemfilter_id, operator_id) VALUES (65, 5, 5);
	INSERT INTO clinicalcode_codingsystemfilter_operators (id, codingsystemfilter_id, operator_id) VALUES (66, 5, 6);
	INSERT INTO clinicalcode_codingsystemfilter_operators (id, codingsystemfilter_id, operator_id) VALUES (67, 5, 7);
	INSERT INTO clinicalcode_codingsystemfilter_operators (id, codingsystemfilter_id, operator_id) VALUES (68, 5, 8);
	INSERT INTO clinicalcode_codingsystemfilter_operators (id, codingsystemfilter_id, operator_id) VALUES (69, 5, 9);
	INSERT INTO clinicalcode_codingsystemfilter_operators (id, codingsystemfilter_id, operator_id) VALUES (70, 5, 10);
	INSERT INTO clinicalcode_codingsystemfilter_operators (id, codingsystemfilter_id, operator_id) VALUES (71, 5, 19);
	INSERT INTO clinicalcode_codingsystemfilter_operators (id, codingsystemfilter_id, operator_id) VALUES (72, 5, 20);
	INSERT INTO clinicalcode_codingsystemfilter_operators (id, codingsystemfilter_id, operator_id) VALUES (73, 6, 1);
	INSERT INTO clinicalcode_codingsystemfilter_operators (id, codingsystemfilter_id, operator_id) VALUES (74, 6, 2);
	INSERT INTO clinicalcode_codingsystemfilter_operators (id, codingsystemfilter_id, operator_id) VALUES (75, 6, 3);
	INSERT INTO clinicalcode_codingsystemfilter_operators (id, codingsystemfilter_id, operator_id) VALUES (76, 6, 4);
	INSERT INTO clinicalcode_codingsystemfilter_operators (id, codingsystemfilter_id, operator_id) VALUES (77, 6, 11);
	INSERT INTO clinicalcode_codingsystemfilter_operators (id, codingsystemfilter_id, operator_id) VALUES (78, 6, 12);
	INSERT INTO clinicalcode_codingsystemfilter_operators (id, codingsystemfilter_id, operator_id) VALUES (79, 6, 13);
	INSERT INTO clinicalcode_codingsystemfilter_operators (id, codingsystemfilter_id, operator_id) VALUES (80, 6, 14);
	INSERT INTO clinicalcode_codingsystemfilter_operators (id, codingsystemfilter_id, operator_id) VALUES (81, 6, 15);
	INSERT INTO clinicalcode_codingsystemfilter_operators (id, codingsystemfilter_id, operator_id) VALUES (82, 6, 16);
	INSERT INTO clinicalcode_codingsystemfilter_operators (id, codingsystemfilter_id, operator_id) VALUES (83, 6, 17);
	INSERT INTO clinicalcode_codingsystemfilter_operators (id, codingsystemfilter_id, operator_id) VALUES (84, 6, 18);
	INSERT INTO clinicalcode_codingsystemfilter_operators (id, codingsystemfilter_id, operator_id) VALUES (85, 6, 19);
	INSERT INTO clinicalcode_codingsystemfilter_operators (id, codingsystemfilter_id, operator_id) VALUES (86, 6, 20);
	INSERT INTO clinicalcode_codingsystemfilter_operators (id, codingsystemfilter_id, operator_id) VALUES (87, 7, 1);
	INSERT INTO clinicalcode_codingsystemfilter_operators (id, codingsystemfilter_id, operator_id) VALUES (88, 7, 2);
	INSERT INTO clinicalcode_codingsystemfilter_operators (id, codingsystemfilter_id, operator_id) VALUES (89, 7, 3);
	INSERT INTO clinicalcode_codingsystemfilter_operators (id, codingsystemfilter_id, operator_id) VALUES (90, 7, 4);
	INSERT INTO clinicalcode_codingsystemfilter_operators (id, codingsystemfilter_id, operator_id) VALUES (91, 7, 11);
	INSERT INTO clinicalcode_codingsystemfilter_operators (id, codingsystemfilter_id, operator_id) VALUES (92, 7, 12);
	INSERT INTO clinicalcode_codingsystemfilter_operators (id, codingsystemfilter_id, operator_id) VALUES (93, 7, 13);
	INSERT INTO clinicalcode_codingsystemfilter_operators (id, codingsystemfilter_id, operator_id) VALUES (94, 7, 14);
	INSERT INTO clinicalcode_codingsystemfilter_operators (id, codingsystemfilter_id, operator_id) VALUES (95, 7, 15);
	INSERT INTO clinicalcode_codingsystemfilter_operators (id, codingsystemfilter_id, operator_id) VALUES (96, 7, 16);
	INSERT INTO clinicalcode_codingsystemfilter_operators (id, codingsystemfilter_id, operator_id) VALUES (97, 7, 17);
	INSERT INTO clinicalcode_codingsystemfilter_operators (id, codingsystemfilter_id, operator_id) VALUES (98, 7, 18);
	INSERT INTO clinicalcode_codingsystemfilter_operators (id, codingsystemfilter_id, operator_id) VALUES (99, 7, 19);
	INSERT INTO clinicalcode_codingsystemfilter_operators (id, codingsystemfilter_id, operator_id) VALUES (100, 7, 20);
	INSERT INTO clinicalcode_codingsystemfilter_operators (id, codingsystemfilter_id, operator_id) VALUES (101, 8, 1);
	INSERT INTO clinicalcode_codingsystemfilter_operators (id, codingsystemfilter_id, operator_id) VALUES (102, 8, 2);
	INSERT INTO clinicalcode_codingsystemfilter_operators (id, codingsystemfilter_id, operator_id) VALUES (103, 8, 3);
	INSERT INTO clinicalcode_codingsystemfilter_operators (id, codingsystemfilter_id, operator_id) VALUES (104, 8, 4);
	INSERT INTO clinicalcode_codingsystemfilter_operators (id, codingsystemfilter_id, operator_id) VALUES (105, 8, 11);
	INSERT INTO clinicalcode_codingsystemfilter_operators (id, codingsystemfilter_id, operator_id) VALUES (106, 8, 12);
	INSERT INTO clinicalcode_codingsystemfilter_operators (id, codingsystemfilter_id, operator_id) VALUES (107, 8, 13);
	INSERT INTO clinicalcode_codingsystemfilter_operators (id, codingsystemfilter_id, operator_id) VALUES (108, 8, 14);
	INSERT INTO clinicalcode_codingsystemfilter_operators (id, codingsystemfilter_id, operator_id) VALUES (109, 8, 15);
	INSERT INTO clinicalcode_codingsystemfilter_operators (id, codingsystemfilter_id, operator_id) VALUES (110, 8, 16);
	INSERT INTO clinicalcode_codingsystemfilter_operators (id, codingsystemfilter_id, operator_id) VALUES (111, 8, 17);
	INSERT INTO clinicalcode_codingsystemfilter_operators (id, codingsystemfilter_id, operator_id) VALUES (112, 8, 18);
	INSERT INTO clinicalcode_codingsystemfilter_operators (id, codingsystemfilter_id, operator_id) VALUES (113, 8, 19);
	INSERT INTO clinicalcode_codingsystemfilter_operators (id, codingsystemfilter_id, operator_id) VALUES (114, 8, 20);
	INSERT INTO clinicalcode_codingsystemfilter_operators (id, codingsystemfilter_id, operator_id) VALUES (115, 9, 1);
	INSERT INTO clinicalcode_codingsystemfilter_operators (id, codingsystemfilter_id, operator_id) VALUES (116, 9, 2);
	INSERT INTO clinicalcode_codingsystemfilter_operators (id, codingsystemfilter_id, operator_id) VALUES (117, 9, 3);
	INSERT INTO clinicalcode_codingsystemfilter_operators (id, codingsystemfilter_id, operator_id) VALUES (118, 9, 4);
	INSERT INTO clinicalcode_codingsystemfilter_operators (id, codingsystemfilter_id, operator_id) VALUES (119, 9, 11);
	INSERT INTO clinicalcode_codingsystemfilter_operators (id, codingsystemfilter_id, operator_id) VALUES (120, 9, 12);
	INSERT INTO clinicalcode_codingsystemfilter_operators (id, codingsystemfilter_id, operator_id) VALUES (121, 9, 13);
	INSERT INTO clinicalcode_codingsystemfilter_operators (id, codingsystemfilter_id, operator_id) VALUES (122, 9, 14);
	INSERT INTO clinicalcode_codingsystemfilter_operators (id, codingsystemfilter_id, operator_id) VALUES (123, 9, 15);
	INSERT INTO clinicalcode_codingsystemfilter_operators (id, codingsystemfilter_id, operator_id) VALUES (124, 9, 16);
	INSERT INTO clinicalcode_codingsystemfilter_operators (id, codingsystemfilter_id, operator_id) VALUES (125, 9, 17);
	INSERT INTO clinicalcode_codingsystemfilter_operators (id, codingsystemfilter_id, operator_id) VALUES (126, 9, 18);
	INSERT INTO clinicalcode_codingsystemfilter_operators (id, codingsystemfilter_id, operator_id) VALUES (127, 9, 19);
	INSERT INTO clinicalcode_codingsystemfilter_operators (id, codingsystemfilter_id, operator_id) VALUES (128, 9, 20);
	INSERT INTO clinicalcode_codingsystemfilter_operators (id, codingsystemfilter_id, operator_id) VALUES (129, 10, 1);
	INSERT INTO clinicalcode_codingsystemfilter_operators (id, codingsystemfilter_id, operator_id) VALUES (130, 10, 2);
	INSERT INTO clinicalcode_codingsystemfilter_operators (id, codingsystemfilter_id, operator_id) VALUES (131, 10, 3);
	INSERT INTO clinicalcode_codingsystemfilter_operators (id, codingsystemfilter_id, operator_id) VALUES (132, 10, 4);
	INSERT INTO clinicalcode_codingsystemfilter_operators (id, codingsystemfilter_id, operator_id) VALUES (133, 10, 11);
	INSERT INTO clinicalcode_codingsystemfilter_operators (id, codingsystemfilter_id, operator_id) VALUES (134, 10, 12);
	INSERT INTO clinicalcode_codingsystemfilter_operators (id, codingsystemfilter_id, operator_id) VALUES (135, 10, 13);
	INSERT INTO clinicalcode_codingsystemfilter_operators (id, codingsystemfilter_id, operator_id) VALUES (136, 10, 14);
	INSERT INTO clinicalcode_codingsystemfilter_operators (id, codingsystemfilter_id, operator_id) VALUES (137, 10, 15);
	INSERT INTO clinicalcode_codingsystemfilter_operators (id, codingsystemfilter_id, operator_id) VALUES (138, 10, 16);
	INSERT INTO clinicalcode_codingsystemfilter_operators (id, codingsystemfilter_id, operator_id) VALUES (139, 10, 17);
	INSERT INTO clinicalcode_codingsystemfilter_operators (id, codingsystemfilter_id, operator_id) VALUES (140, 10, 18);
	INSERT INTO clinicalcode_codingsystemfilter_operators (id, codingsystemfilter_id, operator_id) VALUES (141, 10, 19);
	INSERT INTO clinicalcode_codingsystemfilter_operators (id, codingsystemfilter_id, operator_id) VALUES (142, 10, 20);
	INSERT INTO clinicalcode_codingsystemfilter_operators (id, codingsystemfilter_id, operator_id) VALUES (143, 11, 1);
	INSERT INTO clinicalcode_codingsystemfilter_operators (id, codingsystemfilter_id, operator_id) VALUES (144, 11, 2);
	INSERT INTO clinicalcode_codingsystemfilter_operators (id, codingsystemfilter_id, operator_id) VALUES (145, 11, 3);
	INSERT INTO clinicalcode_codingsystemfilter_operators (id, codingsystemfilter_id, operator_id) VALUES (146, 11, 4);
	INSERT INTO clinicalcode_codingsystemfilter_operators (id, codingsystemfilter_id, operator_id) VALUES (147, 11, 11);
	INSERT INTO clinicalcode_codingsystemfilter_operators (id, codingsystemfilter_id, operator_id) VALUES (148, 11, 12);
	INSERT INTO clinicalcode_codingsystemfilter_operators (id, codingsystemfilter_id, operator_id) VALUES (149, 11, 13);
	INSERT INTO clinicalcode_codingsystemfilter_operators (id, codingsystemfilter_id, operator_id) VALUES (150, 11, 14);
	INSERT INTO clinicalcode_codingsystemfilter_operators (id, codingsystemfilter_id, operator_id) VALUES (151, 11, 15);
	INSERT INTO clinicalcode_codingsystemfilter_operators (id, codingsystemfilter_id, operator_id) VALUES (152, 11, 16);
	INSERT INTO clinicalcode_codingsystemfilter_operators (id, codingsystemfilter_id, operator_id) VALUES (153, 11, 17);
	INSERT INTO clinicalcode_codingsystemfilter_operators (id, codingsystemfilter_id, operator_id) VALUES (154, 11, 18);
	INSERT INTO clinicalcode_codingsystemfilter_operators (id, codingsystemfilter_id, operator_id) VALUES (155, 11, 19);
	INSERT INTO clinicalcode_codingsystemfilter_operators (id, codingsystemfilter_id, operator_id) VALUES (156, 11, 20);
	INSERT INTO clinicalcode_codingsystemfilter_operators (id, codingsystemfilter_id, operator_id) VALUES (157, 12, 1);
	INSERT INTO clinicalcode_codingsystemfilter_operators (id, codingsystemfilter_id, operator_id) VALUES (158, 12, 2);
	INSERT INTO clinicalcode_codingsystemfilter_operators (id, codingsystemfilter_id, operator_id) VALUES (159, 12, 3);
	INSERT INTO clinicalcode_codingsystemfilter_operators (id, codingsystemfilter_id, operator_id) VALUES (160, 12, 4);
	INSERT INTO clinicalcode_codingsystemfilter_operators (id, codingsystemfilter_id, operator_id) VALUES (161, 12, 11);
	INSERT INTO clinicalcode_codingsystemfilter_operators (id, codingsystemfilter_id, operator_id) VALUES (162, 12, 12);
	INSERT INTO clinicalcode_codingsystemfilter_operators (id, codingsystemfilter_id, operator_id) VALUES (163, 12, 13);
	INSERT INTO clinicalcode_codingsystemfilter_operators (id, codingsystemfilter_id, operator_id) VALUES (164, 12, 14);
	INSERT INTO clinicalcode_codingsystemfilter_operators (id, codingsystemfilter_id, operator_id) VALUES (165, 12, 15);
	INSERT INTO clinicalcode_codingsystemfilter_operators (id, codingsystemfilter_id, operator_id) VALUES (166, 12, 16);
	INSERT INTO clinicalcode_codingsystemfilter_operators (id, codingsystemfilter_id, operator_id) VALUES (167, 12, 17);
	INSERT INTO clinicalcode_codingsystemfilter_operators (id, codingsystemfilter_id, operator_id) VALUES (168, 12, 18);
	INSERT INTO clinicalcode_codingsystemfilter_operators (id, codingsystemfilter_id, operator_id) VALUES (169, 12, 19);
	INSERT INTO clinicalcode_codingsystemfilter_operators (id, codingsystemfilter_id, operator_id) VALUES (170, 12, 20);
	INSERT INTO clinicalcode_codingsystemfilter_operators (id, codingsystemfilter_id, operator_id) VALUES (171, 13, 1);
	INSERT INTO clinicalcode_codingsystemfilter_operators (id, codingsystemfilter_id, operator_id) VALUES (172, 13, 2);
	INSERT INTO clinicalcode_codingsystemfilter_operators (id, codingsystemfilter_id, operator_id) VALUES (173, 13, 3);
	INSERT INTO clinicalcode_codingsystemfilter_operators (id, codingsystemfilter_id, operator_id) VALUES (174, 13, 4);
	INSERT INTO clinicalcode_codingsystemfilter_operators (id, codingsystemfilter_id, operator_id) VALUES (175, 13, 11);
	INSERT INTO clinicalcode_codingsystemfilter_operators (id, codingsystemfilter_id, operator_id) VALUES (176, 13, 12);
	INSERT INTO clinicalcode_codingsystemfilter_operators (id, codingsystemfilter_id, operator_id) VALUES (177, 13, 13);
	INSERT INTO clinicalcode_codingsystemfilter_operators (id, codingsystemfilter_id, operator_id) VALUES (178, 13, 14);
	INSERT INTO clinicalcode_codingsystemfilter_operators (id, codingsystemfilter_id, operator_id) VALUES (179, 13, 15);
	INSERT INTO clinicalcode_codingsystemfilter_operators (id, codingsystemfilter_id, operator_id) VALUES (180, 13, 16);
	INSERT INTO clinicalcode_codingsystemfilter_operators (id, codingsystemfilter_id, operator_id) VALUES (181, 13, 17);
	INSERT INTO clinicalcode_codingsystemfilter_operators (id, codingsystemfilter_id, operator_id) VALUES (182, 13, 18);
	INSERT INTO clinicalcode_codingsystemfilter_operators (id, codingsystemfilter_id, operator_id) VALUES (183, 13, 19);
	INSERT INTO clinicalcode_codingsystemfilter_operators (id, codingsystemfilter_id, operator_id) VALUES (184, 13, 20);
	INSERT INTO clinicalcode_codingsystemfilter_operators (id, codingsystemfilter_id, operator_id) VALUES (185, 14, 1);
	INSERT INTO clinicalcode_codingsystemfilter_operators (id, codingsystemfilter_id, operator_id) VALUES (186, 14, 2);
	INSERT INTO clinicalcode_codingsystemfilter_operators (id, codingsystemfilter_id, operator_id) VALUES (187, 14, 3);
	INSERT INTO clinicalcode_codingsystemfilter_operators (id, codingsystemfilter_id, operator_id) VALUES (188, 14, 4);
	INSERT INTO clinicalcode_codingsystemfilter_operators (id, codingsystemfilter_id, operator_id) VALUES (189, 14, 11);
	INSERT INTO clinicalcode_codingsystemfilter_operators (id, codingsystemfilter_id, operator_id) VALUES (190, 14, 12);
	INSERT INTO clinicalcode_codingsystemfilter_operators (id, codingsystemfilter_id, operator_id) VALUES (191, 14, 13);
	INSERT INTO clinicalcode_codingsystemfilter_operators (id, codingsystemfilter_id, operator_id) VALUES (192, 14, 14);
	INSERT INTO clinicalcode_codingsystemfilter_operators (id, codingsystemfilter_id, operator_id) VALUES (193, 14, 15);
	INSERT INTO clinicalcode_codingsystemfilter_operators (id, codingsystemfilter_id, operator_id) VALUES (194, 14, 16);
	INSERT INTO clinicalcode_codingsystemfilter_operators (id, codingsystemfilter_id, operator_id) VALUES (195, 14, 17);
	INSERT INTO clinicalcode_codingsystemfilter_operators (id, codingsystemfilter_id, operator_id) VALUES (196, 14, 18);
	INSERT INTO clinicalcode_codingsystemfilter_operators (id, codingsystemfilter_id, operator_id) VALUES (197, 14, 19);
	INSERT INTO clinicalcode_codingsystemfilter_operators (id, codingsystemfilter_id, operator_id) VALUES (198, 14, 20);
	INSERT INTO clinicalcode_codingsystemfilter_operators (id, codingsystemfilter_id, operator_id) VALUES (199, 15, 1);
	INSERT INTO clinicalcode_codingsystemfilter_operators (id, codingsystemfilter_id, operator_id) VALUES (200, 15, 2);
	INSERT INTO clinicalcode_codingsystemfilter_operators (id, codingsystemfilter_id, operator_id) VALUES (201, 15, 3);
	INSERT INTO clinicalcode_codingsystemfilter_operators (id, codingsystemfilter_id, operator_id) VALUES (202, 15, 4);
	INSERT INTO clinicalcode_codingsystemfilter_operators (id, codingsystemfilter_id, operator_id) VALUES (203, 15, 11);
	INSERT INTO clinicalcode_codingsystemfilter_operators (id, codingsystemfilter_id, operator_id) VALUES (204, 15, 12);
	INSERT INTO clinicalcode_codingsystemfilter_operators (id, codingsystemfilter_id, operator_id) VALUES (205, 15, 13);
	INSERT INTO clinicalcode_codingsystemfilter_operators (id, codingsystemfilter_id, operator_id) VALUES (206, 15, 14);
	INSERT INTO clinicalcode_codingsystemfilter_operators (id, codingsystemfilter_id, operator_id) VALUES (207, 15, 15);
	INSERT INTO clinicalcode_codingsystemfilter_operators (id, codingsystemfilter_id, operator_id) VALUES (208, 15, 16);
	INSERT INTO clinicalcode_codingsystemfilter_operators (id, codingsystemfilter_id, operator_id) VALUES (209, 15, 17);
	INSERT INTO clinicalcode_codingsystemfilter_operators (id, codingsystemfilter_id, operator_id) VALUES (210, 15, 18);
	INSERT INTO clinicalcode_codingsystemfilter_operators (id, codingsystemfilter_id, operator_id) VALUES (211, 15, 19);
	INSERT INTO clinicalcode_codingsystemfilter_operators (id, codingsystemfilter_id, operator_id) VALUES (212, 15, 20);
	INSERT INTO clinicalcode_codingsystemfilter_operators (id, codingsystemfilter_id, operator_id) VALUES (213, 16, 1);
	INSERT INTO clinicalcode_codingsystemfilter_operators (id, codingsystemfilter_id, operator_id) VALUES (214, 16, 2);
	INSERT INTO clinicalcode_codingsystemfilter_operators (id, codingsystemfilter_id, operator_id) VALUES (215, 16, 3);
	INSERT INTO clinicalcode_codingsystemfilter_operators (id, codingsystemfilter_id, operator_id) VALUES (216, 16, 4);
	INSERT INTO clinicalcode_codingsystemfilter_operators (id, codingsystemfilter_id, operator_id) VALUES (217, 16, 11);
	INSERT INTO clinicalcode_codingsystemfilter_operators (id, codingsystemfilter_id, operator_id) VALUES (218, 16, 12);
	INSERT INTO clinicalcode_codingsystemfilter_operators (id, codingsystemfilter_id, operator_id) VALUES (219, 16, 13);
	INSERT INTO clinicalcode_codingsystemfilter_operators (id, codingsystemfilter_id, operator_id) VALUES (220, 16, 14);
	INSERT INTO clinicalcode_codingsystemfilter_operators (id, codingsystemfilter_id, operator_id) VALUES (221, 16, 15);
	INSERT INTO clinicalcode_codingsystemfilter_operators (id, codingsystemfilter_id, operator_id) VALUES (222, 16, 16);
	INSERT INTO clinicalcode_codingsystemfilter_operators (id, codingsystemfilter_id, operator_id) VALUES (223, 16, 17);
	INSERT INTO clinicalcode_codingsystemfilter_operators (id, codingsystemfilter_id, operator_id) VALUES (224, 16, 18);
	INSERT INTO clinicalcode_codingsystemfilter_operators (id, codingsystemfilter_id, operator_id) VALUES (225, 16, 19);
	INSERT INTO clinicalcode_codingsystemfilter_operators (id, codingsystemfilter_id, operator_id) VALUES (226, 16, 20);
	INSERT INTO clinicalcode_codingsystemfilter_operators (id, codingsystemfilter_id, operator_id) VALUES (227, 17, 1);
	INSERT INTO clinicalcode_codingsystemfilter_operators (id, codingsystemfilter_id, operator_id) VALUES (228, 17, 2);
	INSERT INTO clinicalcode_codingsystemfilter_operators (id, codingsystemfilter_id, operator_id) VALUES (229, 17, 3);
	INSERT INTO clinicalcode_codingsystemfilter_operators (id, codingsystemfilter_id, operator_id) VALUES (230, 17, 4);
	INSERT INTO clinicalcode_codingsystemfilter_operators (id, codingsystemfilter_id, operator_id) VALUES (231, 17, 11);
	INSERT INTO clinicalcode_codingsystemfilter_operators (id, codingsystemfilter_id, operator_id) VALUES (232, 17, 12);
	INSERT INTO clinicalcode_codingsystemfilter_operators (id, codingsystemfilter_id, operator_id) VALUES (233, 17, 13);
	INSERT INTO clinicalcode_codingsystemfilter_operators (id, codingsystemfilter_id, operator_id) VALUES (234, 17, 14);
	INSERT INTO clinicalcode_codingsystemfilter_operators (id, codingsystemfilter_id, operator_id) VALUES (235, 17, 15);
	INSERT INTO clinicalcode_codingsystemfilter_operators (id, codingsystemfilter_id, operator_id) VALUES (236, 17, 16);
	INSERT INTO clinicalcode_codingsystemfilter_operators (id, codingsystemfilter_id, operator_id) VALUES (237, 17, 17);
	INSERT INTO clinicalcode_codingsystemfilter_operators (id, codingsystemfilter_id, operator_id) VALUES (238, 17, 18);
	INSERT INTO clinicalcode_codingsystemfilter_operators (id, codingsystemfilter_id, operator_id) VALUES (239, 17, 19);
	INSERT INTO clinicalcode_codingsystemfilter_operators (id, codingsystemfilter_id, operator_id) VALUES (240, 17, 20);
	INSERT INTO clinicalcode_codingsystemfilter_operators (id, codingsystemfilter_id, operator_id) VALUES (241, 18, 1);
	INSERT INTO clinicalcode_codingsystemfilter_operators (id, codingsystemfilter_id, operator_id) VALUES (242, 18, 2);
	INSERT INTO clinicalcode_codingsystemfilter_operators (id, codingsystemfilter_id, operator_id) VALUES (243, 18, 3);
	INSERT INTO clinicalcode_codingsystemfilter_operators (id, codingsystemfilter_id, operator_id) VALUES (244, 18, 4);
	INSERT INTO clinicalcode_codingsystemfilter_operators (id, codingsystemfilter_id, operator_id) VALUES (245, 18, 19);
	INSERT INTO clinicalcode_codingsystemfilter_operators (id, codingsystemfilter_id, operator_id) VALUES (246, 18, 20);
	INSERT INTO clinicalcode_codingsystemfilter_operators (id, codingsystemfilter_id, operator_id) VALUES (247, 19, 1);
	INSERT INTO clinicalcode_codingsystemfilter_operators (id, codingsystemfilter_id, operator_id) VALUES (248, 19, 2);
	INSERT INTO clinicalcode_codingsystemfilter_operators (id, codingsystemfilter_id, operator_id) VALUES (249, 19, 3);
	INSERT INTO clinicalcode_codingsystemfilter_operators (id, codingsystemfilter_id, operator_id) VALUES (250, 19, 4);
	INSERT INTO clinicalcode_codingsystemfilter_operators (id, codingsystemfilter_id, operator_id) VALUES (251, 19, 5);
	INSERT INTO clinicalcode_codingsystemfilter_operators (id, codingsystemfilter_id, operator_id) VALUES (252, 19, 6);
	INSERT INTO clinicalcode_codingsystemfilter_operators (id, codingsystemfilter_id, operator_id) VALUES (253, 19, 7);
	INSERT INTO clinicalcode_codingsystemfilter_operators (id, codingsystemfilter_id, operator_id) VALUES (254, 19, 8);
	INSERT INTO clinicalcode_codingsystemfilter_operators (id, codingsystemfilter_id, operator_id) VALUES (255, 19, 9);
	INSERT INTO clinicalcode_codingsystemfilter_operators (id, codingsystemfilter_id, operator_id) VALUES (256, 19, 10);
	INSERT INTO clinicalcode_codingsystemfilter_operators (id, codingsystemfilter_id, operator_id) VALUES (257, 19, 19);
	INSERT INTO clinicalcode_codingsystemfilter_operators (id, codingsystemfilter_id, operator_id) VALUES (258, 19, 20);
	INSERT INTO clinicalcode_codingsystemfilter_operators (id, codingsystemfilter_id, operator_id) VALUES (259, 20, 1);
	INSERT INTO clinicalcode_codingsystemfilter_operators (id, codingsystemfilter_id, operator_id) VALUES (260, 20, 2);
	INSERT INTO clinicalcode_codingsystemfilter_operators (id, codingsystemfilter_id, operator_id) VALUES (261, 20, 3);
	INSERT INTO clinicalcode_codingsystemfilter_operators (id, codingsystemfilter_id, operator_id) VALUES (262, 20, 4);
	INSERT INTO clinicalcode_codingsystemfilter_operators (id, codingsystemfilter_id, operator_id) VALUES (263, 20, 19);
	INSERT INTO clinicalcode_codingsystemfilter_operators (id, codingsystemfilter_id, operator_id) VALUES (264, 20, 20);
	INSERT INTO clinicalcode_codingsystemfilter_operators (id, codingsystemfilter_id, operator_id) VALUES (265, 21, 1);
	INSERT INTO clinicalcode_codingsystemfilter_operators (id, codingsystemfilter_id, operator_id) VALUES (266, 21, 2);
	INSERT INTO clinicalcode_codingsystemfilter_operators (id, codingsystemfilter_id, operator_id) VALUES (267, 21, 3);
	INSERT INTO clinicalcode_codingsystemfilter_operators (id, codingsystemfilter_id, operator_id) VALUES (268, 21, 4);
	INSERT INTO clinicalcode_codingsystemfilter_operators (id, codingsystemfilter_id, operator_id) VALUES (269, 21, 5);
	INSERT INTO clinicalcode_codingsystemfilter_operators (id, codingsystemfilter_id, operator_id) VALUES (270, 21, 6);
	INSERT INTO clinicalcode_codingsystemfilter_operators (id, codingsystemfilter_id, operator_id) VALUES (271, 21, 7);
	INSERT INTO clinicalcode_codingsystemfilter_operators (id, codingsystemfilter_id, operator_id) VALUES (272, 21, 8);
	INSERT INTO clinicalcode_codingsystemfilter_operators (id, codingsystemfilter_id, operator_id) VALUES (273, 21, 9);
	INSERT INTO clinicalcode_codingsystemfilter_operators (id, codingsystemfilter_id, operator_id) VALUES (274, 21, 10);
	INSERT INTO clinicalcode_codingsystemfilter_operators (id, codingsystemfilter_id, operator_id) VALUES (275, 21, 19);
	INSERT INTO clinicalcode_codingsystemfilter_operators (id, codingsystemfilter_id, operator_id) VALUES (276, 21, 20);
	INSERT INTO clinicalcode_codingsystemfilter_operators (id, codingsystemfilter_id, operator_id) VALUES (277, 22, 1);
	INSERT INTO clinicalcode_codingsystemfilter_operators (id, codingsystemfilter_id, operator_id) VALUES (278, 22, 2);
	INSERT INTO clinicalcode_codingsystemfilter_operators (id, codingsystemfilter_id, operator_id) VALUES (279, 22, 3);
	INSERT INTO clinicalcode_codingsystemfilter_operators (id, codingsystemfilter_id, operator_id) VALUES (280, 22, 4);
	INSERT INTO clinicalcode_codingsystemfilter_operators (id, codingsystemfilter_id, operator_id) VALUES (281, 22, 5);
	INSERT INTO clinicalcode_codingsystemfilter_operators (id, codingsystemfilter_id, operator_id) VALUES (282, 22, 6);
	INSERT INTO clinicalcode_codingsystemfilter_operators (id, codingsystemfilter_id, operator_id) VALUES (283, 22, 7);
	INSERT INTO clinicalcode_codingsystemfilter_operators (id, codingsystemfilter_id, operator_id) VALUES (284, 22, 8);
	INSERT INTO clinicalcode_codingsystemfilter_operators (id, codingsystemfilter_id, operator_id) VALUES (285, 22, 9);
	INSERT INTO clinicalcode_codingsystemfilter_operators (id, codingsystemfilter_id, operator_id) VALUES (286, 22, 10);
	INSERT INTO clinicalcode_codingsystemfilter_operators (id, codingsystemfilter_id, operator_id) VALUES (287, 22, 19);
	INSERT INTO clinicalcode_codingsystemfilter_operators (id, codingsystemfilter_id, operator_id) VALUES (288, 22, 20);
	INSERT INTO clinicalcode_codingsystemfilter_operators (id, codingsystemfilter_id, operator_id) VALUES (289, 23, 1);
	INSERT INTO clinicalcode_codingsystemfilter_operators (id, codingsystemfilter_id, operator_id) VALUES (290, 23, 2);
	INSERT INTO clinicalcode_codingsystemfilter_operators (id, codingsystemfilter_id, operator_id) VALUES (291, 23, 3);
	INSERT INTO clinicalcode_codingsystemfilter_operators (id, codingsystemfilter_id, operator_id) VALUES (292, 23, 4);
	INSERT INTO clinicalcode_codingsystemfilter_operators (id, codingsystemfilter_id, operator_id) VALUES (293, 23, 5);
	INSERT INTO clinicalcode_codingsystemfilter_operators (id, codingsystemfilter_id, operator_id) VALUES (294, 23, 6);
	INSERT INTO clinicalcode_codingsystemfilter_operators (id, codingsystemfilter_id, operator_id) VALUES (295, 23, 7);
	INSERT INTO clinicalcode_codingsystemfilter_operators (id, codingsystemfilter_id, operator_id) VALUES (296, 23, 8);
	INSERT INTO clinicalcode_codingsystemfilter_operators (id, codingsystemfilter_id, operator_id) VALUES (297, 23, 9);
	INSERT INTO clinicalcode_codingsystemfilter_operators (id, codingsystemfilter_id, operator_id) VALUES (298, 23, 10);
	INSERT INTO clinicalcode_codingsystemfilter_operators (id, codingsystemfilter_id, operator_id) VALUES (299, 23, 19);
	INSERT INTO clinicalcode_codingsystemfilter_operators (id, codingsystemfilter_id, operator_id) VALUES (300, 23, 20);
	INSERT INTO clinicalcode_codingsystemfilter_operators (id, codingsystemfilter_id, operator_id) VALUES (301, 24, 1);
	INSERT INTO clinicalcode_codingsystemfilter_operators (id, codingsystemfilter_id, operator_id) VALUES (302, 24, 2);
	INSERT INTO clinicalcode_codingsystemfilter_operators (id, codingsystemfilter_id, operator_id) VALUES (303, 24, 3);
	INSERT INTO clinicalcode_codingsystemfilter_operators (id, codingsystemfilter_id, operator_id) VALUES (304, 24, 4);
	INSERT INTO clinicalcode_codingsystemfilter_operators (id, codingsystemfilter_id, operator_id) VALUES (305, 24, 11);
	INSERT INTO clinicalcode_codingsystemfilter_operators (id, codingsystemfilter_id, operator_id) VALUES (306, 24, 12);
	INSERT INTO clinicalcode_codingsystemfilter_operators (id, codingsystemfilter_id, operator_id) VALUES (307, 24, 13);
	INSERT INTO clinicalcode_codingsystemfilter_operators (id, codingsystemfilter_id, operator_id) VALUES (308, 24, 14);
	INSERT INTO clinicalcode_codingsystemfilter_operators (id, codingsystemfilter_id, operator_id) VALUES (309, 24, 15);
	INSERT INTO clinicalcode_codingsystemfilter_operators (id, codingsystemfilter_id, operator_id) VALUES (310, 24, 16);
	INSERT INTO clinicalcode_codingsystemfilter_operators (id, codingsystemfilter_id, operator_id) VALUES (311, 24, 17);
	INSERT INTO clinicalcode_codingsystemfilter_operators (id, codingsystemfilter_id, operator_id) VALUES (312, 24, 18);
	INSERT INTO clinicalcode_codingsystemfilter_operators (id, codingsystemfilter_id, operator_id) VALUES (313, 24, 19);
	INSERT INTO clinicalcode_codingsystemfilter_operators (id, codingsystemfilter_id, operator_id) VALUES (314, 24, 20);
	INSERT INTO clinicalcode_codingsystemfilter_operators (id, codingsystemfilter_id, operator_id) VALUES (315, 25, 1);
	INSERT INTO clinicalcode_codingsystemfilter_operators (id, codingsystemfilter_id, operator_id) VALUES (316, 25, 2);
	INSERT INTO clinicalcode_codingsystemfilter_operators (id, codingsystemfilter_id, operator_id) VALUES (317, 25, 3);
	INSERT INTO clinicalcode_codingsystemfilter_operators (id, codingsystemfilter_id, operator_id) VALUES (318, 25, 4);
	INSERT INTO clinicalcode_codingsystemfilter_operators (id, codingsystemfilter_id, operator_id) VALUES (319, 25, 11);
	INSERT INTO clinicalcode_codingsystemfilter_operators (id, codingsystemfilter_id, operator_id) VALUES (320, 25, 12);
	INSERT INTO clinicalcode_codingsystemfilter_operators (id, codingsystemfilter_id, operator_id) VALUES (321, 25, 13);
	INSERT INTO clinicalcode_codingsystemfilter_operators (id, codingsystemfilter_id, operator_id) VALUES (322, 25, 14);
	INSERT INTO clinicalcode_codingsystemfilter_operators (id, codingsystemfilter_id, operator_id) VALUES (323, 25, 15);
	INSERT INTO clinicalcode_codingsystemfilter_operators (id, codingsystemfilter_id, operator_id) VALUES (324, 25, 16);
	INSERT INTO clinicalcode_codingsystemfilter_operators (id, codingsystemfilter_id, operator_id) VALUES (325, 25, 17);
	INSERT INTO clinicalcode_codingsystemfilter_operators (id, codingsystemfilter_id, operator_id) VALUES (326, 25, 18);
	INSERT INTO clinicalcode_codingsystemfilter_operators (id, codingsystemfilter_id, operator_id) VALUES (327, 25, 19);
	INSERT INTO clinicalcode_codingsystemfilter_operators (id, codingsystemfilter_id, operator_id) VALUES (328, 25, 20);
	INSERT INTO clinicalcode_codingsystemfilter_operators (id, codingsystemfilter_id, operator_id) VALUES (329, 26, 1);
	INSERT INTO clinicalcode_codingsystemfilter_operators (id, codingsystemfilter_id, operator_id) VALUES (330, 26, 2);
	INSERT INTO clinicalcode_codingsystemfilter_operators (id, codingsystemfilter_id, operator_id) VALUES (331, 26, 3);
	INSERT INTO clinicalcode_codingsystemfilter_operators (id, codingsystemfilter_id, operator_id) VALUES (332, 26, 4);
	INSERT INTO clinicalcode_codingsystemfilter_operators (id, codingsystemfilter_id, operator_id) VALUES (333, 26, 11);
	INSERT INTO clinicalcode_codingsystemfilter_operators (id, codingsystemfilter_id, operator_id) VALUES (334, 26, 12);
	INSERT INTO clinicalcode_codingsystemfilter_operators (id, codingsystemfilter_id, operator_id) VALUES (335, 26, 13);
	INSERT INTO clinicalcode_codingsystemfilter_operators (id, codingsystemfilter_id, operator_id) VALUES (336, 26, 14);
	INSERT INTO clinicalcode_codingsystemfilter_operators (id, codingsystemfilter_id, operator_id) VALUES (337, 26, 15);
	INSERT INTO clinicalcode_codingsystemfilter_operators (id, codingsystemfilter_id, operator_id) VALUES (338, 26, 16);
	INSERT INTO clinicalcode_codingsystemfilter_operators (id, codingsystemfilter_id, operator_id) VALUES (339, 26, 17);
	INSERT INTO clinicalcode_codingsystemfilter_operators (id, codingsystemfilter_id, operator_id) VALUES (340, 26, 18);
	INSERT INTO clinicalcode_codingsystemfilter_operators (id, codingsystemfilter_id, operator_id) VALUES (341, 26, 19);
	INSERT INTO clinicalcode_codingsystemfilter_operators (id, codingsystemfilter_id, operator_id) VALUES (342, 26, 20);
	INSERT INTO clinicalcode_codingsystemfilter_operators (id, codingsystemfilter_id, operator_id) VALUES (343, 27, 1);
	INSERT INTO clinicalcode_codingsystemfilter_operators (id, codingsystemfilter_id, operator_id) VALUES (344, 27, 2);
	INSERT INTO clinicalcode_codingsystemfilter_operators (id, codingsystemfilter_id, operator_id) VALUES (345, 27, 3);
	INSERT INTO clinicalcode_codingsystemfilter_operators (id, codingsystemfilter_id, operator_id) VALUES (346, 27, 4);
	INSERT INTO clinicalcode_codingsystemfilter_operators (id, codingsystemfilter_id, operator_id) VALUES (347, 27, 11);
	INSERT INTO clinicalcode_codingsystemfilter_operators (id, codingsystemfilter_id, operator_id) VALUES (348, 27, 12);
	INSERT INTO clinicalcode_codingsystemfilter_operators (id, codingsystemfilter_id, operator_id) VALUES (349, 27, 13);
	INSERT INTO clinicalcode_codingsystemfilter_operators (id, codingsystemfilter_id, operator_id) VALUES (350, 27, 14);
	INSERT INTO clinicalcode_codingsystemfilter_operators (id, codingsystemfilter_id, operator_id) VALUES (351, 27, 15);
	INSERT INTO clinicalcode_codingsystemfilter_operators (id, codingsystemfilter_id, operator_id) VALUES (352, 27, 16);
	INSERT INTO clinicalcode_codingsystemfilter_operators (id, codingsystemfilter_id, operator_id) VALUES (353, 27, 17);
	INSERT INTO clinicalcode_codingsystemfilter_operators (id, codingsystemfilter_id, operator_id) VALUES (354, 27, 18);
	INSERT INTO clinicalcode_codingsystemfilter_operators (id, codingsystemfilter_id, operator_id) VALUES (355, 27, 19);
	INSERT INTO clinicalcode_codingsystemfilter_operators (id, codingsystemfilter_id, operator_id) VALUES (356, 27, 20);
	INSERT INTO clinicalcode_codingsystemfilter_operators (id, codingsystemfilter_id, operator_id) VALUES (357, 28, 1);
	INSERT INTO clinicalcode_codingsystemfilter_operators (id, codingsystemfilter_id, operator_id) VALUES (358, 28, 2);
	INSERT INTO clinicalcode_codingsystemfilter_operators (id, codingsystemfilter_id, operator_id) VALUES (359, 28, 3);
	INSERT INTO clinicalcode_codingsystemfilter_operators (id, codingsystemfilter_id, operator_id) VALUES (360, 28, 4);
	INSERT INTO clinicalcode_codingsystemfilter_operators (id, codingsystemfilter_id, operator_id) VALUES (361, 28, 11);
	INSERT INTO clinicalcode_codingsystemfilter_operators (id, codingsystemfilter_id, operator_id) VALUES (362, 28, 12);
	INSERT INTO clinicalcode_codingsystemfilter_operators (id, codingsystemfilter_id, operator_id) VALUES (363, 28, 13);
	INSERT INTO clinicalcode_codingsystemfilter_operators (id, codingsystemfilter_id, operator_id) VALUES (364, 28, 14);
	INSERT INTO clinicalcode_codingsystemfilter_operators (id, codingsystemfilter_id, operator_id) VALUES (365, 28, 15);
	INSERT INTO clinicalcode_codingsystemfilter_operators (id, codingsystemfilter_id, operator_id) VALUES (366, 28, 16);
	INSERT INTO clinicalcode_codingsystemfilter_operators (id, codingsystemfilter_id, operator_id) VALUES (367, 28, 17);
	INSERT INTO clinicalcode_codingsystemfilter_operators (id, codingsystemfilter_id, operator_id) VALUES (368, 28, 18);
	INSERT INTO clinicalcode_codingsystemfilter_operators (id, codingsystemfilter_id, operator_id) VALUES (369, 28, 19);
	INSERT INTO clinicalcode_codingsystemfilter_operators (id, codingsystemfilter_id, operator_id) VALUES (370, 28, 20);
	INSERT INTO clinicalcode_codingsystemfilter_operators (id, codingsystemfilter_id, operator_id) VALUES (371, 29, 1);
	INSERT INTO clinicalcode_codingsystemfilter_operators (id, codingsystemfilter_id, operator_id) VALUES (372, 29, 2);
	INSERT INTO clinicalcode_codingsystemfilter_operators (id, codingsystemfilter_id, operator_id) VALUES (373, 29, 3);
	INSERT INTO clinicalcode_codingsystemfilter_operators (id, codingsystemfilter_id, operator_id) VALUES (374, 29, 4);
	INSERT INTO clinicalcode_codingsystemfilter_operators (id, codingsystemfilter_id, operator_id) VALUES (375, 29, 19);
	INSERT INTO clinicalcode_codingsystemfilter_operators (id, codingsystemfilter_id, operator_id) VALUES (376, 29, 20);
	INSERT INTO clinicalcode_codingsystemfilter_operators (id, codingsystemfilter_id, operator_id) VALUES (377, 30, 1);
	INSERT INTO clinicalcode_codingsystemfilter_operators (id, codingsystemfilter_id, operator_id) VALUES (378, 30, 2);
	INSERT INTO clinicalcode_codingsystemfilter_operators (id, codingsystemfilter_id, operator_id) VALUES (379, 30, 3);
	INSERT INTO clinicalcode_codingsystemfilter_operators (id, codingsystemfilter_id, operator_id) VALUES (380, 30, 4);
	INSERT INTO clinicalcode_codingsystemfilter_operators (id, codingsystemfilter_id, operator_id) VALUES (381, 30, 5);
	INSERT INTO clinicalcode_codingsystemfilter_operators (id, codingsystemfilter_id, operator_id) VALUES (382, 30, 6);
	INSERT INTO clinicalcode_codingsystemfilter_operators (id, codingsystemfilter_id, operator_id) VALUES (383, 30, 7);
	INSERT INTO clinicalcode_codingsystemfilter_operators (id, codingsystemfilter_id, operator_id) VALUES (384, 30, 8);
	INSERT INTO clinicalcode_codingsystemfilter_operators (id, codingsystemfilter_id, operator_id) VALUES (385, 30, 9);
	INSERT INTO clinicalcode_codingsystemfilter_operators (id, codingsystemfilter_id, operator_id) VALUES (386, 30, 10);
	INSERT INTO clinicalcode_codingsystemfilter_operators (id, codingsystemfilter_id, operator_id) VALUES (387, 30, 19);
	INSERT INTO clinicalcode_codingsystemfilter_operators (id, codingsystemfilter_id, operator_id) VALUES (388, 30, 20);
	INSERT INTO clinicalcode_codingsystemfilter_operators (id, codingsystemfilter_id, operator_id) VALUES (389, 31, 1);
	INSERT INTO clinicalcode_codingsystemfilter_operators (id, codingsystemfilter_id, operator_id) VALUES (390, 31, 2);
	INSERT INTO clinicalcode_codingsystemfilter_operators (id, codingsystemfilter_id, operator_id) VALUES (391, 31, 3);
	INSERT INTO clinicalcode_codingsystemfilter_operators (id, codingsystemfilter_id, operator_id) VALUES (392, 31, 4);
	INSERT INTO clinicalcode_codingsystemfilter_operators (id, codingsystemfilter_id, operator_id) VALUES (393, 31, 5);
	INSERT INTO clinicalcode_codingsystemfilter_operators (id, codingsystemfilter_id, operator_id) VALUES (394, 31, 6);
	INSERT INTO clinicalcode_codingsystemfilter_operators (id, codingsystemfilter_id, operator_id) VALUES (395, 31, 7);
	INSERT INTO clinicalcode_codingsystemfilter_operators (id, codingsystemfilter_id, operator_id) VALUES (396, 31, 8);
	INSERT INTO clinicalcode_codingsystemfilter_operators (id, codingsystemfilter_id, operator_id) VALUES (397, 31, 9);
	INSERT INTO clinicalcode_codingsystemfilter_operators (id, codingsystemfilter_id, operator_id) VALUES (398, 31, 10);
	INSERT INTO clinicalcode_codingsystemfilter_operators (id, codingsystemfilter_id, operator_id) VALUES (399, 31, 19);
	INSERT INTO clinicalcode_codingsystemfilter_operators (id, codingsystemfilter_id, operator_id) VALUES (400, 31, 20);
	INSERT INTO clinicalcode_codingsystemfilter_operators (id, codingsystemfilter_id, operator_id) VALUES (401, 32, 1);
	INSERT INTO clinicalcode_codingsystemfilter_operators (id, codingsystemfilter_id, operator_id) VALUES (402, 32, 2);
	INSERT INTO clinicalcode_codingsystemfilter_operators (id, codingsystemfilter_id, operator_id) VALUES (403, 32, 3);
	INSERT INTO clinicalcode_codingsystemfilter_operators (id, codingsystemfilter_id, operator_id) VALUES (404, 32, 4);
	INSERT INTO clinicalcode_codingsystemfilter_operators (id, codingsystemfilter_id, operator_id) VALUES (405, 32, 19);
	INSERT INTO clinicalcode_codingsystemfilter_operators (id, codingsystemfilter_id, operator_id) VALUES (406, 32, 20);
	INSERT INTO clinicalcode_codingsystemfilter_operators (id, codingsystemfilter_id, operator_id) VALUES (407, 33, 1);
	INSERT INTO clinicalcode_codingsystemfilter_operators (id, codingsystemfilter_id, operator_id) VALUES (408, 33, 2);
	INSERT INTO clinicalcode_codingsystemfilter_operators (id, codingsystemfilter_id, operator_id) VALUES (409, 33, 3);
	INSERT INTO clinicalcode_codingsystemfilter_operators (id, codingsystemfilter_id, operator_id) VALUES (410, 33, 4);
	INSERT INTO clinicalcode_codingsystemfilter_operators (id, codingsystemfilter_id, operator_id) VALUES (411, 33, 5);
	INSERT INTO clinicalcode_codingsystemfilter_operators (id, codingsystemfilter_id, operator_id) VALUES (412, 33, 6);
	INSERT INTO clinicalcode_codingsystemfilter_operators (id, codingsystemfilter_id, operator_id) VALUES (413, 33, 7);
	INSERT INTO clinicalcode_codingsystemfilter_operators (id, codingsystemfilter_id, operator_id) VALUES (414, 33, 8);
	INSERT INTO clinicalcode_codingsystemfilter_operators (id, codingsystemfilter_id, operator_id) VALUES (415, 33, 9);
	INSERT INTO clinicalcode_codingsystemfilter_operators (id, codingsystemfilter_id, operator_id) VALUES (416, 33, 10);
	INSERT INTO clinicalcode_codingsystemfilter_operators (id, codingsystemfilter_id, operator_id) VALUES (417, 33, 19);
	INSERT INTO clinicalcode_codingsystemfilter_operators (id, codingsystemfilter_id, operator_id) VALUES (418, 33, 20);
	INSERT INTO clinicalcode_codingsystemfilter_operators (id, codingsystemfilter_id, operator_id) VALUES (419, 34, 1);
	INSERT INTO clinicalcode_codingsystemfilter_operators (id, codingsystemfilter_id, operator_id) VALUES (420, 34, 2);
	INSERT INTO clinicalcode_codingsystemfilter_operators (id, codingsystemfilter_id, operator_id) VALUES (421, 34, 3);
	INSERT INTO clinicalcode_codingsystemfilter_operators (id, codingsystemfilter_id, operator_id) VALUES (422, 34, 4);
	INSERT INTO clinicalcode_codingsystemfilter_operators (id, codingsystemfilter_id, operator_id) VALUES (423, 34, 5);
	INSERT INTO clinicalcode_codingsystemfilter_operators (id, codingsystemfilter_id, operator_id) VALUES (424, 34, 6);
	INSERT INTO clinicalcode_codingsystemfilter_operators (id, codingsystemfilter_id, operator_id) VALUES (425, 34, 7);
	INSERT INTO clinicalcode_codingsystemfilter_operators (id, codingsystemfilter_id, operator_id) VALUES (426, 34, 8);
	INSERT INTO clinicalcode_codingsystemfilter_operators (id, codingsystemfilter_id, operator_id) VALUES (427, 34, 9);
	INSERT INTO clinicalcode_codingsystemfilter_operators (id, codingsystemfilter_id, operator_id) VALUES (428, 34, 10);
	INSERT INTO clinicalcode_codingsystemfilter_operators (id, codingsystemfilter_id, operator_id) VALUES (429, 34, 19);
	INSERT INTO clinicalcode_codingsystemfilter_operators (id, codingsystemfilter_id, operator_id) VALUES (430, 34, 20);
	INSERT INTO clinicalcode_codingsystemfilter_operators (id, codingsystemfilter_id, operator_id) VALUES (431, 35, 1);
	INSERT INTO clinicalcode_codingsystemfilter_operators (id, codingsystemfilter_id, operator_id) VALUES (432, 35, 2);
	INSERT INTO clinicalcode_codingsystemfilter_operators (id, codingsystemfilter_id, operator_id) VALUES (433, 35, 3);
	INSERT INTO clinicalcode_codingsystemfilter_operators (id, codingsystemfilter_id, operator_id) VALUES (434, 35, 4);
	INSERT INTO clinicalcode_codingsystemfilter_operators (id, codingsystemfilter_id, operator_id) VALUES (435, 35, 5);
	INSERT INTO clinicalcode_codingsystemfilter_operators (id, codingsystemfilter_id, operator_id) VALUES (436, 35, 6);
	INSERT INTO clinicalcode_codingsystemfilter_operators (id, codingsystemfilter_id, operator_id) VALUES (437, 35, 7);
	INSERT INTO clinicalcode_codingsystemfilter_operators (id, codingsystemfilter_id, operator_id) VALUES (438, 35, 8);
	INSERT INTO clinicalcode_codingsystemfilter_operators (id, codingsystemfilter_id, operator_id) VALUES (439, 35, 9);
	INSERT INTO clinicalcode_codingsystemfilter_operators (id, codingsystemfilter_id, operator_id) VALUES (440, 35, 10);
	INSERT INTO clinicalcode_codingsystemfilter_operators (id, codingsystemfilter_id, operator_id) VALUES (441, 35, 19);
	INSERT INTO clinicalcode_codingsystemfilter_operators (id, codingsystemfilter_id, operator_id) VALUES (442, 35, 20);
	INSERT INTO clinicalcode_codingsystemfilter_operators (id, codingsystemfilter_id, operator_id) VALUES (443, 36, 1);
	INSERT INTO clinicalcode_codingsystemfilter_operators (id, codingsystemfilter_id, operator_id) VALUES (444, 36, 2);
	INSERT INTO clinicalcode_codingsystemfilter_operators (id, codingsystemfilter_id, operator_id) VALUES (445, 36, 3);
	INSERT INTO clinicalcode_codingsystemfilter_operators (id, codingsystemfilter_id, operator_id) VALUES (446, 36, 4);
	INSERT INTO clinicalcode_codingsystemfilter_operators (id, codingsystemfilter_id, operator_id) VALUES (447, 36, 11);
	INSERT INTO clinicalcode_codingsystemfilter_operators (id, codingsystemfilter_id, operator_id) VALUES (448, 36, 12);
	INSERT INTO clinicalcode_codingsystemfilter_operators (id, codingsystemfilter_id, operator_id) VALUES (449, 36, 13);
	INSERT INTO clinicalcode_codingsystemfilter_operators (id, codingsystemfilter_id, operator_id) VALUES (450, 36, 14);
	INSERT INTO clinicalcode_codingsystemfilter_operators (id, codingsystemfilter_id, operator_id) VALUES (451, 36, 15);
	INSERT INTO clinicalcode_codingsystemfilter_operators (id, codingsystemfilter_id, operator_id) VALUES (452, 36, 16);
	INSERT INTO clinicalcode_codingsystemfilter_operators (id, codingsystemfilter_id, operator_id) VALUES (453, 36, 17);
	INSERT INTO clinicalcode_codingsystemfilter_operators (id, codingsystemfilter_id, operator_id) VALUES (454, 36, 18);
	INSERT INTO clinicalcode_codingsystemfilter_operators (id, codingsystemfilter_id, operator_id) VALUES (455, 36, 19);
	INSERT INTO clinicalcode_codingsystemfilter_operators (id, codingsystemfilter_id, operator_id) VALUES (456, 36, 20);
	INSERT INTO clinicalcode_codingsystemfilter_operators (id, codingsystemfilter_id, operator_id) VALUES (457, 37, 1);
	INSERT INTO clinicalcode_codingsystemfilter_operators (id, codingsystemfilter_id, operator_id) VALUES (458, 37, 2);
	INSERT INTO clinicalcode_codingsystemfilter_operators (id, codingsystemfilter_id, operator_id) VALUES (459, 37, 3);
	INSERT INTO clinicalcode_codingsystemfilter_operators (id, codingsystemfilter_id, operator_id) VALUES (460, 37, 4);
	INSERT INTO clinicalcode_codingsystemfilter_operators (id, codingsystemfilter_id, operator_id) VALUES (461, 37, 11);
	INSERT INTO clinicalcode_codingsystemfilter_operators (id, codingsystemfilter_id, operator_id) VALUES (462, 37, 12);
	INSERT INTO clinicalcode_codingsystemfilter_operators (id, codingsystemfilter_id, operator_id) VALUES (463, 37, 13);
	INSERT INTO clinicalcode_codingsystemfilter_operators (id, codingsystemfilter_id, operator_id) VALUES (464, 37, 14);
	INSERT INTO clinicalcode_codingsystemfilter_operators (id, codingsystemfilter_id, operator_id) VALUES (465, 37, 15);
	INSERT INTO clinicalcode_codingsystemfilter_operators (id, codingsystemfilter_id, operator_id) VALUES (466, 37, 16);
	INSERT INTO clinicalcode_codingsystemfilter_operators (id, codingsystemfilter_id, operator_id) VALUES (467, 37, 17);
	INSERT INTO clinicalcode_codingsystemfilter_operators (id, codingsystemfilter_id, operator_id) VALUES (468, 37, 18);
	INSERT INTO clinicalcode_codingsystemfilter_operators (id, codingsystemfilter_id, operator_id) VALUES (469, 37, 19);
	INSERT INTO clinicalcode_codingsystemfilter_operators (id, codingsystemfilter_id, operator_id) VALUES (470, 37, 20);
	INSERT INTO clinicalcode_codingsystemfilter_operators (id, codingsystemfilter_id, operator_id) VALUES (471, 38, 1);
	INSERT INTO clinicalcode_codingsystemfilter_operators (id, codingsystemfilter_id, operator_id) VALUES (472, 38, 2);
	INSERT INTO clinicalcode_codingsystemfilter_operators (id, codingsystemfilter_id, operator_id) VALUES (473, 38, 3);
	INSERT INTO clinicalcode_codingsystemfilter_operators (id, codingsystemfilter_id, operator_id) VALUES (474, 38, 4);
	INSERT INTO clinicalcode_codingsystemfilter_operators (id, codingsystemfilter_id, operator_id) VALUES (475, 38, 11);
	INSERT INTO clinicalcode_codingsystemfilter_operators (id, codingsystemfilter_id, operator_id) VALUES (476, 38, 12);
	INSERT INTO clinicalcode_codingsystemfilter_operators (id, codingsystemfilter_id, operator_id) VALUES (477, 38, 13);
	INSERT INTO clinicalcode_codingsystemfilter_operators (id, codingsystemfilter_id, operator_id) VALUES (478, 38, 14);
	INSERT INTO clinicalcode_codingsystemfilter_operators (id, codingsystemfilter_id, operator_id) VALUES (479, 38, 15);
	INSERT INTO clinicalcode_codingsystemfilter_operators (id, codingsystemfilter_id, operator_id) VALUES (480, 38, 16);
	INSERT INTO clinicalcode_codingsystemfilter_operators (id, codingsystemfilter_id, operator_id) VALUES (481, 38, 17);
	INSERT INTO clinicalcode_codingsystemfilter_operators (id, codingsystemfilter_id, operator_id) VALUES (482, 38, 18);
	INSERT INTO clinicalcode_codingsystemfilter_operators (id, codingsystemfilter_id, operator_id) VALUES (483, 38, 19);
	INSERT INTO clinicalcode_codingsystemfilter_operators (id, codingsystemfilter_id, operator_id) VALUES (484, 38, 20);
	INSERT INTO clinicalcode_codingsystemfilter_operators (id, codingsystemfilter_id, operator_id) VALUES (485, 39, 1);
	INSERT INTO clinicalcode_codingsystemfilter_operators (id, codingsystemfilter_id, operator_id) VALUES (486, 39, 2);
	INSERT INTO clinicalcode_codingsystemfilter_operators (id, codingsystemfilter_id, operator_id) VALUES (487, 39, 3);
	INSERT INTO clinicalcode_codingsystemfilter_operators (id, codingsystemfilter_id, operator_id) VALUES (488, 39, 4);
	INSERT INTO clinicalcode_codingsystemfilter_operators (id, codingsystemfilter_id, operator_id) VALUES (489, 39, 5);
	INSERT INTO clinicalcode_codingsystemfilter_operators (id, codingsystemfilter_id, operator_id) VALUES (490, 39, 6);
	INSERT INTO clinicalcode_codingsystemfilter_operators (id, codingsystemfilter_id, operator_id) VALUES (491, 39, 7);
	INSERT INTO clinicalcode_codingsystemfilter_operators (id, codingsystemfilter_id, operator_id) VALUES (492, 39, 8);
	INSERT INTO clinicalcode_codingsystemfilter_operators (id, codingsystemfilter_id, operator_id) VALUES (493, 39, 9);
	INSERT INTO clinicalcode_codingsystemfilter_operators (id, codingsystemfilter_id, operator_id) VALUES (494, 39, 10);
	INSERT INTO clinicalcode_codingsystemfilter_operators (id, codingsystemfilter_id, operator_id) VALUES (495, 39, 19);
	INSERT INTO clinicalcode_codingsystemfilter_operators (id, codingsystemfilter_id, operator_id) VALUES (496, 39, 20);
	INSERT INTO clinicalcode_codingsystemfilter_operators (id, codingsystemfilter_id, operator_id) VALUES (497, 40, 1);
	INSERT INTO clinicalcode_codingsystemfilter_operators (id, codingsystemfilter_id, operator_id) VALUES (498, 40, 2);
	INSERT INTO clinicalcode_codingsystemfilter_operators (id, codingsystemfilter_id, operator_id) VALUES (499, 40, 3);
	INSERT INTO clinicalcode_codingsystemfilter_operators (id, codingsystemfilter_id, operator_id) VALUES (500, 40, 4);
	INSERT INTO clinicalcode_codingsystemfilter_operators (id, codingsystemfilter_id, operator_id) VALUES (501, 40, 5);
	INSERT INTO clinicalcode_codingsystemfilter_operators (id, codingsystemfilter_id, operator_id) VALUES (502, 40, 6);
	INSERT INTO clinicalcode_codingsystemfilter_operators (id, codingsystemfilter_id, operator_id) VALUES (503, 40, 7);
	INSERT INTO clinicalcode_codingsystemfilter_operators (id, codingsystemfilter_id, operator_id) VALUES (504, 40, 8);
	INSERT INTO clinicalcode_codingsystemfilter_operators (id, codingsystemfilter_id, operator_id) VALUES (505, 40, 9);
	INSERT INTO clinicalcode_codingsystemfilter_operators (id, codingsystemfilter_id, operator_id) VALUES (506, 40, 10);
	INSERT INTO clinicalcode_codingsystemfilter_operators (id, codingsystemfilter_id, operator_id) VALUES (507, 40, 19);
	INSERT INTO clinicalcode_codingsystemfilter_operators (id, codingsystemfilter_id, operator_id) VALUES (508, 40, 20);
	INSERT INTO clinicalcode_codingsystemfilter_operators (id, codingsystemfilter_id, operator_id) VALUES (509, 41, 1);
	INSERT INTO clinicalcode_codingsystemfilter_operators (id, codingsystemfilter_id, operator_id) VALUES (510, 41, 2);
	INSERT INTO clinicalcode_codingsystemfilter_operators (id, codingsystemfilter_id, operator_id) VALUES (511, 41, 3);
	INSERT INTO clinicalcode_codingsystemfilter_operators (id, codingsystemfilter_id, operator_id) VALUES (512, 41, 4);
	INSERT INTO clinicalcode_codingsystemfilter_operators (id, codingsystemfilter_id, operator_id) VALUES (513, 41, 5);
	INSERT INTO clinicalcode_codingsystemfilter_operators (id, codingsystemfilter_id, operator_id) VALUES (514, 41, 6);
	INSERT INTO clinicalcode_codingsystemfilter_operators (id, codingsystemfilter_id, operator_id) VALUES (515, 41, 7);
	INSERT INTO clinicalcode_codingsystemfilter_operators (id, codingsystemfilter_id, operator_id) VALUES (516, 41, 8);
	INSERT INTO clinicalcode_codingsystemfilter_operators (id, codingsystemfilter_id, operator_id) VALUES (517, 41, 9);
	INSERT INTO clinicalcode_codingsystemfilter_operators (id, codingsystemfilter_id, operator_id) VALUES (518, 41, 10);
	INSERT INTO clinicalcode_codingsystemfilter_operators (id, codingsystemfilter_id, operator_id) VALUES (519, 41, 19);
	INSERT INTO clinicalcode_codingsystemfilter_operators (id, codingsystemfilter_id, operator_id) VALUES (520, 41, 20);
	INSERT INTO clinicalcode_codingsystemfilter_operators (id, codingsystemfilter_id, operator_id) VALUES (521, 42, 1);
	INSERT INTO clinicalcode_codingsystemfilter_operators (id, codingsystemfilter_id, operator_id) VALUES (522, 42, 2);
	INSERT INTO clinicalcode_codingsystemfilter_operators (id, codingsystemfilter_id, operator_id) VALUES (523, 42, 3);
	INSERT INTO clinicalcode_codingsystemfilter_operators (id, codingsystemfilter_id, operator_id) VALUES (524, 42, 4);
	INSERT INTO clinicalcode_codingsystemfilter_operators (id, codingsystemfilter_id, operator_id) VALUES (525, 42, 5);
	INSERT INTO clinicalcode_codingsystemfilter_operators (id, codingsystemfilter_id, operator_id) VALUES (526, 42, 6);
	INSERT INTO clinicalcode_codingsystemfilter_operators (id, codingsystemfilter_id, operator_id) VALUES (527, 42, 7);
	INSERT INTO clinicalcode_codingsystemfilter_operators (id, codingsystemfilter_id, operator_id) VALUES (528, 42, 8);
	INSERT INTO clinicalcode_codingsystemfilter_operators (id, codingsystemfilter_id, operator_id) VALUES (529, 42, 9);
	INSERT INTO clinicalcode_codingsystemfilter_operators (id, codingsystemfilter_id, operator_id) VALUES (530, 42, 10);
	INSERT INTO clinicalcode_codingsystemfilter_operators (id, codingsystemfilter_id, operator_id) VALUES (531, 42, 19);
	INSERT INTO clinicalcode_codingsystemfilter_operators (id, codingsystemfilter_id, operator_id) VALUES (532, 42, 20);
	INSERT INTO clinicalcode_codingsystemfilter_operators (id, codingsystemfilter_id, operator_id) VALUES (533, 43, 1);
	INSERT INTO clinicalcode_codingsystemfilter_operators (id, codingsystemfilter_id, operator_id) VALUES (534, 43, 2);
	INSERT INTO clinicalcode_codingsystemfilter_operators (id, codingsystemfilter_id, operator_id) VALUES (535, 43, 3);
	INSERT INTO clinicalcode_codingsystemfilter_operators (id, codingsystemfilter_id, operator_id) VALUES (536, 43, 4);
	INSERT INTO clinicalcode_codingsystemfilter_operators (id, codingsystemfilter_id, operator_id) VALUES (537, 43, 5);
	INSERT INTO clinicalcode_codingsystemfilter_operators (id, codingsystemfilter_id, operator_id) VALUES (538, 43, 6);
	INSERT INTO clinicalcode_codingsystemfilter_operators (id, codingsystemfilter_id, operator_id) VALUES (539, 43, 7);
	INSERT INTO clinicalcode_codingsystemfilter_operators (id, codingsystemfilter_id, operator_id) VALUES (540, 43, 8);
	INSERT INTO clinicalcode_codingsystemfilter_operators (id, codingsystemfilter_id, operator_id) VALUES (541, 43, 9);
	INSERT INTO clinicalcode_codingsystemfilter_operators (id, codingsystemfilter_id, operator_id) VALUES (542, 43, 10);
	INSERT INTO clinicalcode_codingsystemfilter_operators (id, codingsystemfilter_id, operator_id) VALUES (543, 43, 19);
	INSERT INTO clinicalcode_codingsystemfilter_operators (id, codingsystemfilter_id, operator_id) VALUES (544, 43, 20);
	INSERT INTO clinicalcode_codingsystemfilter_operators (id, codingsystemfilter_id, operator_id) VALUES (545, 44, 1);
	INSERT INTO clinicalcode_codingsystemfilter_operators (id, codingsystemfilter_id, operator_id) VALUES (546, 44, 2);
	INSERT INTO clinicalcode_codingsystemfilter_operators (id, codingsystemfilter_id, operator_id) VALUES (547, 44, 3);
	INSERT INTO clinicalcode_codingsystemfilter_operators (id, codingsystemfilter_id, operator_id) VALUES (548, 44, 4);
	INSERT INTO clinicalcode_codingsystemfilter_operators (id, codingsystemfilter_id, operator_id) VALUES (549, 44, 5);
	INSERT INTO clinicalcode_codingsystemfilter_operators (id, codingsystemfilter_id, operator_id) VALUES (550, 44, 6);
	INSERT INTO clinicalcode_codingsystemfilter_operators (id, codingsystemfilter_id, operator_id) VALUES (551, 44, 7);
	INSERT INTO clinicalcode_codingsystemfilter_operators (id, codingsystemfilter_id, operator_id) VALUES (552, 44, 8);
	INSERT INTO clinicalcode_codingsystemfilter_operators (id, codingsystemfilter_id, operator_id) VALUES (553, 44, 9);
	INSERT INTO clinicalcode_codingsystemfilter_operators (id, codingsystemfilter_id, operator_id) VALUES (554, 44, 10);
	INSERT INTO clinicalcode_codingsystemfilter_operators (id, codingsystemfilter_id, operator_id) VALUES (555, 44, 19);
	INSERT INTO clinicalcode_codingsystemfilter_operators (id, codingsystemfilter_id, operator_id) VALUES (556, 44, 20);
	INSERT INTO clinicalcode_codingsystemfilter_operators (id, codingsystemfilter_id, operator_id) VALUES (557, 45, 1);
	INSERT INTO clinicalcode_codingsystemfilter_operators (id, codingsystemfilter_id, operator_id) VALUES (558, 45, 2);
	INSERT INTO clinicalcode_codingsystemfilter_operators (id, codingsystemfilter_id, operator_id) VALUES (559, 45, 3);
	INSERT INTO clinicalcode_codingsystemfilter_operators (id, codingsystemfilter_id, operator_id) VALUES (560, 45, 4);
	INSERT INTO clinicalcode_codingsystemfilter_operators (id, codingsystemfilter_id, operator_id) VALUES (561, 45, 11);
	INSERT INTO clinicalcode_codingsystemfilter_operators (id, codingsystemfilter_id, operator_id) VALUES (562, 45, 12);
	INSERT INTO clinicalcode_codingsystemfilter_operators (id, codingsystemfilter_id, operator_id) VALUES (563, 45, 13);
	INSERT INTO clinicalcode_codingsystemfilter_operators (id, codingsystemfilter_id, operator_id) VALUES (564, 45, 14);
	INSERT INTO clinicalcode_codingsystemfilter_operators (id, codingsystemfilter_id, operator_id) VALUES (565, 45, 15);
	INSERT INTO clinicalcode_codingsystemfilter_operators (id, codingsystemfilter_id, operator_id) VALUES (566, 45, 16);
	INSERT INTO clinicalcode_codingsystemfilter_operators (id, codingsystemfilter_id, operator_id) VALUES (567, 45, 17);
	INSERT INTO clinicalcode_codingsystemfilter_operators (id, codingsystemfilter_id, operator_id) VALUES (568, 45, 18);
	INSERT INTO clinicalcode_codingsystemfilter_operators (id, codingsystemfilter_id, operator_id) VALUES (569, 45, 19);
	INSERT INTO clinicalcode_codingsystemfilter_operators (id, codingsystemfilter_id, operator_id) VALUES (570, 45, 20);
	INSERT INTO clinicalcode_codingsystemfilter_operators (id, codingsystemfilter_id, operator_id) VALUES (571, 46, 1);
	INSERT INTO clinicalcode_codingsystemfilter_operators (id, codingsystemfilter_id, operator_id) VALUES (572, 46, 2);
	INSERT INTO clinicalcode_codingsystemfilter_operators (id, codingsystemfilter_id, operator_id) VALUES (573, 46, 3);
	INSERT INTO clinicalcode_codingsystemfilter_operators (id, codingsystemfilter_id, operator_id) VALUES (574, 46, 4);
	INSERT INTO clinicalcode_codingsystemfilter_operators (id, codingsystemfilter_id, operator_id) VALUES (575, 46, 11);
	INSERT INTO clinicalcode_codingsystemfilter_operators (id, codingsystemfilter_id, operator_id) VALUES (576, 46, 12);
	INSERT INTO clinicalcode_codingsystemfilter_operators (id, codingsystemfilter_id, operator_id) VALUES (577, 46, 13);
	INSERT INTO clinicalcode_codingsystemfilter_operators (id, codingsystemfilter_id, operator_id) VALUES (578, 46, 14);
	INSERT INTO clinicalcode_codingsystemfilter_operators (id, codingsystemfilter_id, operator_id) VALUES (579, 46, 15);
	INSERT INTO clinicalcode_codingsystemfilter_operators (id, codingsystemfilter_id, operator_id) VALUES (580, 46, 16);
	INSERT INTO clinicalcode_codingsystemfilter_operators (id, codingsystemfilter_id, operator_id) VALUES (581, 46, 17);
	INSERT INTO clinicalcode_codingsystemfilter_operators (id, codingsystemfilter_id, operator_id) VALUES (582, 46, 18);
	INSERT INTO clinicalcode_codingsystemfilter_operators (id, codingsystemfilter_id, operator_id) VALUES (583, 46, 19);
	INSERT INTO clinicalcode_codingsystemfilter_operators (id, codingsystemfilter_id, operator_id) VALUES (584, 46, 20);
	INSERT INTO clinicalcode_codingsystemfilter_operators (id, codingsystemfilter_id, operator_id) VALUES (585, 47, 1);
	INSERT INTO clinicalcode_codingsystemfilter_operators (id, codingsystemfilter_id, operator_id) VALUES (586, 47, 2);
	INSERT INTO clinicalcode_codingsystemfilter_operators (id, codingsystemfilter_id, operator_id) VALUES (587, 47, 3);
	INSERT INTO clinicalcode_codingsystemfilter_operators (id, codingsystemfilter_id, operator_id) VALUES (588, 47, 4);
	INSERT INTO clinicalcode_codingsystemfilter_operators (id, codingsystemfilter_id, operator_id) VALUES (589, 47, 11);
	INSERT INTO clinicalcode_codingsystemfilter_operators (id, codingsystemfilter_id, operator_id) VALUES (590, 47, 12);
	INSERT INTO clinicalcode_codingsystemfilter_operators (id, codingsystemfilter_id, operator_id) VALUES (591, 47, 13);
	INSERT INTO clinicalcode_codingsystemfilter_operators (id, codingsystemfilter_id, operator_id) VALUES (592, 47, 14);
	INSERT INTO clinicalcode_codingsystemfilter_operators (id, codingsystemfilter_id, operator_id) VALUES (593, 47, 15);
	INSERT INTO clinicalcode_codingsystemfilter_operators (id, codingsystemfilter_id, operator_id) VALUES (594, 47, 16);
	INSERT INTO clinicalcode_codingsystemfilter_operators (id, codingsystemfilter_id, operator_id) VALUES (595, 47, 17);
	INSERT INTO clinicalcode_codingsystemfilter_operators (id, codingsystemfilter_id, operator_id) VALUES (596, 47, 18);
	INSERT INTO clinicalcode_codingsystemfilter_operators (id, codingsystemfilter_id, operator_id) VALUES (597, 47, 19);
	INSERT INTO clinicalcode_codingsystemfilter_operators (id, codingsystemfilter_id, operator_id) VALUES (598, 47, 20);
	INSERT INTO clinicalcode_codingsystemfilter_operators (id, codingsystemfilter_id, operator_id) VALUES (599, 48, 1);
	INSERT INTO clinicalcode_codingsystemfilter_operators (id, codingsystemfilter_id, operator_id) VALUES (600, 48, 2);
	INSERT INTO clinicalcode_codingsystemfilter_operators (id, codingsystemfilter_id, operator_id) VALUES (601, 48, 3);
	INSERT INTO clinicalcode_codingsystemfilter_operators (id, codingsystemfilter_id, operator_id) VALUES (602, 48, 4);
	INSERT INTO clinicalcode_codingsystemfilter_operators (id, codingsystemfilter_id, operator_id) VALUES (603, 48, 5);
	INSERT INTO clinicalcode_codingsystemfilter_operators (id, codingsystemfilter_id, operator_id) VALUES (604, 48, 6);
	INSERT INTO clinicalcode_codingsystemfilter_operators (id, codingsystemfilter_id, operator_id) VALUES (605, 48, 7);
	INSERT INTO clinicalcode_codingsystemfilter_operators (id, codingsystemfilter_id, operator_id) VALUES (606, 48, 8);
	INSERT INTO clinicalcode_codingsystemfilter_operators (id, codingsystemfilter_id, operator_id) VALUES (607, 48, 9);
	INSERT INTO clinicalcode_codingsystemfilter_operators (id, codingsystemfilter_id, operator_id) VALUES (608, 48, 10);
	INSERT INTO clinicalcode_codingsystemfilter_operators (id, codingsystemfilter_id, operator_id) VALUES (609, 48, 19);
	INSERT INTO clinicalcode_codingsystemfilter_operators (id, codingsystemfilter_id, operator_id) VALUES (610, 48, 20);
	INSERT INTO clinicalcode_codingsystemfilter_operators (id, codingsystemfilter_id, operator_id) VALUES (611, 49, 1);
	INSERT INTO clinicalcode_codingsystemfilter_operators (id, codingsystemfilter_id, operator_id) VALUES (612, 49, 2);
	INSERT INTO clinicalcode_codingsystemfilter_operators (id, codingsystemfilter_id, operator_id) VALUES (613, 49, 3);
	INSERT INTO clinicalcode_codingsystemfilter_operators (id, codingsystemfilter_id, operator_id) VALUES (614, 49, 4);
	INSERT INTO clinicalcode_codingsystemfilter_operators (id, codingsystemfilter_id, operator_id) VALUES (615, 49, 11);
	INSERT INTO clinicalcode_codingsystemfilter_operators (id, codingsystemfilter_id, operator_id) VALUES (616, 49, 12);
	INSERT INTO clinicalcode_codingsystemfilter_operators (id, codingsystemfilter_id, operator_id) VALUES (617, 49, 13);
	INSERT INTO clinicalcode_codingsystemfilter_operators (id, codingsystemfilter_id, operator_id) VALUES (618, 49, 14);
	INSERT INTO clinicalcode_codingsystemfilter_operators (id, codingsystemfilter_id, operator_id) VALUES (619, 49, 15);
	INSERT INTO clinicalcode_codingsystemfilter_operators (id, codingsystemfilter_id, operator_id) VALUES (620, 49, 16);
	INSERT INTO clinicalcode_codingsystemfilter_operators (id, codingsystemfilter_id, operator_id) VALUES (621, 49, 17);
	INSERT INTO clinicalcode_codingsystemfilter_operators (id, codingsystemfilter_id, operator_id) VALUES (622, 49, 18);
	INSERT INTO clinicalcode_codingsystemfilter_operators (id, codingsystemfilter_id, operator_id) VALUES (623, 49, 19);
	INSERT INTO clinicalcode_codingsystemfilter_operators (id, codingsystemfilter_id, operator_id) VALUES (624, 49, 20);
	INSERT INTO clinicalcode_codingsystemfilter_operators (id, codingsystemfilter_id, operator_id) VALUES (625, 50, 1);
	INSERT INTO clinicalcode_codingsystemfilter_operators (id, codingsystemfilter_id, operator_id) VALUES (626, 50, 2);
	INSERT INTO clinicalcode_codingsystemfilter_operators (id, codingsystemfilter_id, operator_id) VALUES (627, 50, 3);
	INSERT INTO clinicalcode_codingsystemfilter_operators (id, codingsystemfilter_id, operator_id) VALUES (628, 50, 4);
	INSERT INTO clinicalcode_codingsystemfilter_operators (id, codingsystemfilter_id, operator_id) VALUES (629, 50, 11);
	INSERT INTO clinicalcode_codingsystemfilter_operators (id, codingsystemfilter_id, operator_id) VALUES (630, 50, 12);
	INSERT INTO clinicalcode_codingsystemfilter_operators (id, codingsystemfilter_id, operator_id) VALUES (631, 50, 13);
	INSERT INTO clinicalcode_codingsystemfilter_operators (id, codingsystemfilter_id, operator_id) VALUES (632, 50, 14);
	INSERT INTO clinicalcode_codingsystemfilter_operators (id, codingsystemfilter_id, operator_id) VALUES (633, 50, 15);
	INSERT INTO clinicalcode_codingsystemfilter_operators (id, codingsystemfilter_id, operator_id) VALUES (634, 50, 16);
	INSERT INTO clinicalcode_codingsystemfilter_operators (id, codingsystemfilter_id, operator_id) VALUES (635, 50, 17);
	INSERT INTO clinicalcode_codingsystemfilter_operators (id, codingsystemfilter_id, operator_id) VALUES (636, 50, 18);
	INSERT INTO clinicalcode_codingsystemfilter_operators (id, codingsystemfilter_id, operator_id) VALUES (637, 50, 19);
	INSERT INTO clinicalcode_codingsystemfilter_operators (id, codingsystemfilter_id, operator_id) VALUES (638, 50, 20);
	INSERT INTO clinicalcode_codingsystemfilter_operators (id, codingsystemfilter_id, operator_id) VALUES (639, 51, 1);
	INSERT INTO clinicalcode_codingsystemfilter_operators (id, codingsystemfilter_id, operator_id) VALUES (640, 51, 2);
	INSERT INTO clinicalcode_codingsystemfilter_operators (id, codingsystemfilter_id, operator_id) VALUES (641, 51, 3);
	INSERT INTO clinicalcode_codingsystemfilter_operators (id, codingsystemfilter_id, operator_id) VALUES (642, 51, 4);
	INSERT INTO clinicalcode_codingsystemfilter_operators (id, codingsystemfilter_id, operator_id) VALUES (643, 51, 11);
	INSERT INTO clinicalcode_codingsystemfilter_operators (id, codingsystemfilter_id, operator_id) VALUES (644, 51, 12);
	INSERT INTO clinicalcode_codingsystemfilter_operators (id, codingsystemfilter_id, operator_id) VALUES (645, 51, 13);
	INSERT INTO clinicalcode_codingsystemfilter_operators (id, codingsystemfilter_id, operator_id) VALUES (646, 51, 14);
	INSERT INTO clinicalcode_codingsystemfilter_operators (id, codingsystemfilter_id, operator_id) VALUES (647, 51, 15);
	INSERT INTO clinicalcode_codingsystemfilter_operators (id, codingsystemfilter_id, operator_id) VALUES (648, 51, 16);
	INSERT INTO clinicalcode_codingsystemfilter_operators (id, codingsystemfilter_id, operator_id) VALUES (649, 51, 17);
	INSERT INTO clinicalcode_codingsystemfilter_operators (id, codingsystemfilter_id, operator_id) VALUES (650, 51, 18);
	INSERT INTO clinicalcode_codingsystemfilter_operators (id, codingsystemfilter_id, operator_id) VALUES (651, 51, 19);
	INSERT INTO clinicalcode_codingsystemfilter_operators (id, codingsystemfilter_id, operator_id) VALUES (652, 51, 20);
	INSERT INTO clinicalcode_codingsystemfilter_operators (id, codingsystemfilter_id, operator_id) VALUES (653, 52, 1);
	INSERT INTO clinicalcode_codingsystemfilter_operators (id, codingsystemfilter_id, operator_id) VALUES (654, 52, 2);
	INSERT INTO clinicalcode_codingsystemfilter_operators (id, codingsystemfilter_id, operator_id) VALUES (655, 52, 3);
	INSERT INTO clinicalcode_codingsystemfilter_operators (id, codingsystemfilter_id, operator_id) VALUES (656, 52, 4);
	INSERT INTO clinicalcode_codingsystemfilter_operators (id, codingsystemfilter_id, operator_id) VALUES (663, 52, 19);
	INSERT INTO clinicalcode_codingsystemfilter_operators (id, codingsystemfilter_id, operator_id) VALUES (664, 52, 20);
	INSERT INTO clinicalcode_codingsystemfilter_operators (id, codingsystemfilter_id, operator_id) VALUES (665, 52, 11);
	INSERT INTO clinicalcode_codingsystemfilter_operators (id, codingsystemfilter_id, operator_id) VALUES (666, 52, 12);
	INSERT INTO clinicalcode_codingsystemfilter_operators (id, codingsystemfilter_id, operator_id) VALUES (667, 52, 13);
	INSERT INTO clinicalcode_codingsystemfilter_operators (id, codingsystemfilter_id, operator_id) VALUES (668, 52, 14);
	INSERT INTO clinicalcode_codingsystemfilter_operators (id, codingsystemfilter_id, operator_id) VALUES (669, 52, 15);
	INSERT INTO clinicalcode_codingsystemfilter_operators (id, codingsystemfilter_id, operator_id) VALUES (670, 52, 16);
	INSERT INTO clinicalcode_codingsystemfilter_operators (id, codingsystemfilter_id, operator_id) VALUES (671, 52, 17);
	INSERT INTO clinicalcode_codingsystemfilter_operators (id, codingsystemfilter_id, operator_id) VALUES (672, 52, 18);
	INSERT INTO clinicalcode_codingsystemfilter_operators (id, codingsystemfilter_id, operator_id) VALUES (673, 53, 1);
	INSERT INTO clinicalcode_codingsystemfilter_operators (id, codingsystemfilter_id, operator_id) VALUES (674, 53, 2);
	INSERT INTO clinicalcode_codingsystemfilter_operators (id, codingsystemfilter_id, operator_id) VALUES (675, 53, 3);
	INSERT INTO clinicalcode_codingsystemfilter_operators (id, codingsystemfilter_id, operator_id) VALUES (676, 53, 4);
	INSERT INTO clinicalcode_codingsystemfilter_operators (id, codingsystemfilter_id, operator_id) VALUES (677, 53, 5);
	INSERT INTO clinicalcode_codingsystemfilter_operators (id, codingsystemfilter_id, operator_id) VALUES (678, 53, 6);
	INSERT INTO clinicalcode_codingsystemfilter_operators (id, codingsystemfilter_id, operator_id) VALUES (679, 53, 7);
	INSERT INTO clinicalcode_codingsystemfilter_operators (id, codingsystemfilter_id, operator_id) VALUES (680, 53, 8);
	INSERT INTO clinicalcode_codingsystemfilter_operators (id, codingsystemfilter_id, operator_id) VALUES (681, 53, 9);
	INSERT INTO clinicalcode_codingsystemfilter_operators (id, codingsystemfilter_id, operator_id) VALUES (682, 53, 10);
	INSERT INTO clinicalcode_codingsystemfilter_operators (id, codingsystemfilter_id, operator_id) VALUES (683, 53, 19);
	INSERT INTO clinicalcode_codingsystemfilter_operators (id, codingsystemfilter_id, operator_id) VALUES (684, 53, 20);
	INSERT INTO clinicalcode_codingsystemfilter_operators (id, codingsystemfilter_id, operator_id) VALUES (685, 54, 1);
	INSERT INTO clinicalcode_codingsystemfilter_operators (id, codingsystemfilter_id, operator_id) VALUES (686, 54, 2);
	INSERT INTO clinicalcode_codingsystemfilter_operators (id, codingsystemfilter_id, operator_id) VALUES (687, 54, 3);
	INSERT INTO clinicalcode_codingsystemfilter_operators (id, codingsystemfilter_id, operator_id) VALUES (688, 54, 4);
	INSERT INTO clinicalcode_codingsystemfilter_operators (id, codingsystemfilter_id, operator_id) VALUES (689, 54, 5);
	INSERT INTO clinicalcode_codingsystemfilter_operators (id, codingsystemfilter_id, operator_id) VALUES (690, 54, 6);
	INSERT INTO clinicalcode_codingsystemfilter_operators (id, codingsystemfilter_id, operator_id) VALUES (691, 54, 7);
	INSERT INTO clinicalcode_codingsystemfilter_operators (id, codingsystemfilter_id, operator_id) VALUES (692, 54, 8);
	INSERT INTO clinicalcode_codingsystemfilter_operators (id, codingsystemfilter_id, operator_id) VALUES (693, 54, 9);
	INSERT INTO clinicalcode_codingsystemfilter_operators (id, codingsystemfilter_id, operator_id) VALUES (694, 54, 10);
	INSERT INTO clinicalcode_codingsystemfilter_operators (id, codingsystemfilter_id, operator_id) VALUES (695, 54, 19);
	INSERT INTO clinicalcode_codingsystemfilter_operators (id, codingsystemfilter_id, operator_id) VALUES (696, 54, 20);
	INSERT INTO clinicalcode_codingsystemfilter_operators (id, codingsystemfilter_id, operator_id) VALUES (697, 55, 1);
	INSERT INTO clinicalcode_codingsystemfilter_operators (id, codingsystemfilter_id, operator_id) VALUES (698, 55, 2);
	INSERT INTO clinicalcode_codingsystemfilter_operators (id, codingsystemfilter_id, operator_id) VALUES (699, 55, 3);
	INSERT INTO clinicalcode_codingsystemfilter_operators (id, codingsystemfilter_id, operator_id) VALUES (700, 55, 4);
	INSERT INTO clinicalcode_codingsystemfilter_operators (id, codingsystemfilter_id, operator_id) VALUES (701, 55, 5);
	INSERT INTO clinicalcode_codingsystemfilter_operators (id, codingsystemfilter_id, operator_id) VALUES (702, 55, 6);
	INSERT INTO clinicalcode_codingsystemfilter_operators (id, codingsystemfilter_id, operator_id) VALUES (703, 55, 7);
	INSERT INTO clinicalcode_codingsystemfilter_operators (id, codingsystemfilter_id, operator_id) VALUES (704, 55, 8);
	INSERT INTO clinicalcode_codingsystemfilter_operators (id, codingsystemfilter_id, operator_id) VALUES (705, 55, 9);
	INSERT INTO clinicalcode_codingsystemfilter_operators (id, codingsystemfilter_id, operator_id) VALUES (706, 55, 10);
	INSERT INTO clinicalcode_codingsystemfilter_operators (id, codingsystemfilter_id, operator_id) VALUES (707, 55, 19);
	INSERT INTO clinicalcode_codingsystemfilter_operators (id, codingsystemfilter_id, operator_id) VALUES (708, 55, 20);
	INSERT INTO clinicalcode_codingsystemfilter_operators (id, codingsystemfilter_id, operator_id) VALUES (709, 56, 1);
	INSERT INTO clinicalcode_codingsystemfilter_operators (id, codingsystemfilter_id, operator_id) VALUES (710, 56, 2);
	INSERT INTO clinicalcode_codingsystemfilter_operators (id, codingsystemfilter_id, operator_id) VALUES (711, 56, 3);
	INSERT INTO clinicalcode_codingsystemfilter_operators (id, codingsystemfilter_id, operator_id) VALUES (712, 56, 4);
	INSERT INTO clinicalcode_codingsystemfilter_operators (id, codingsystemfilter_id, operator_id) VALUES (713, 56, 11);
	INSERT INTO clinicalcode_codingsystemfilter_operators (id, codingsystemfilter_id, operator_id) VALUES (714, 56, 12);
	INSERT INTO clinicalcode_codingsystemfilter_operators (id, codingsystemfilter_id, operator_id) VALUES (715, 56, 13);
	INSERT INTO clinicalcode_codingsystemfilter_operators (id, codingsystemfilter_id, operator_id) VALUES (716, 56, 14);
	INSERT INTO clinicalcode_codingsystemfilter_operators (id, codingsystemfilter_id, operator_id) VALUES (717, 56, 15);
	INSERT INTO clinicalcode_codingsystemfilter_operators (id, codingsystemfilter_id, operator_id) VALUES (718, 56, 16);
	INSERT INTO clinicalcode_codingsystemfilter_operators (id, codingsystemfilter_id, operator_id) VALUES (719, 56, 17);
	INSERT INTO clinicalcode_codingsystemfilter_operators (id, codingsystemfilter_id, operator_id) VALUES (720, 56, 18);
	INSERT INTO clinicalcode_codingsystemfilter_operators (id, codingsystemfilter_id, operator_id) VALUES (721, 56, 19);
	INSERT INTO clinicalcode_codingsystemfilter_operators (id, codingsystemfilter_id, operator_id) VALUES (722, 56, 20);
	INSERT INTO clinicalcode_codingsystemfilter_operators (id, codingsystemfilter_id, operator_id) VALUES (723, 57, 1);
	INSERT INTO clinicalcode_codingsystemfilter_operators (id, codingsystemfilter_id, operator_id) VALUES (724, 57, 2);
	INSERT INTO clinicalcode_codingsystemfilter_operators (id, codingsystemfilter_id, operator_id) VALUES (725, 57, 3);
	INSERT INTO clinicalcode_codingsystemfilter_operators (id, codingsystemfilter_id, operator_id) VALUES (726, 57, 4);
	INSERT INTO clinicalcode_codingsystemfilter_operators (id, codingsystemfilter_id, operator_id) VALUES (727, 57, 5);
	INSERT INTO clinicalcode_codingsystemfilter_operators (id, codingsystemfilter_id, operator_id) VALUES (728, 57, 6);
	INSERT INTO clinicalcode_codingsystemfilter_operators (id, codingsystemfilter_id, operator_id) VALUES (729, 57, 7);
	INSERT INTO clinicalcode_codingsystemfilter_operators (id, codingsystemfilter_id, operator_id) VALUES (730, 57, 8);
	INSERT INTO clinicalcode_codingsystemfilter_operators (id, codingsystemfilter_id, operator_id) VALUES (731, 57, 9);
	INSERT INTO clinicalcode_codingsystemfilter_operators (id, codingsystemfilter_id, operator_id) VALUES (732, 57, 10);
	INSERT INTO clinicalcode_codingsystemfilter_operators (id, codingsystemfilter_id, operator_id) VALUES (733, 57, 19);
	INSERT INTO clinicalcode_codingsystemfilter_operators (id, codingsystemfilter_id, operator_id) VALUES (734, 57, 20);
	INSERT INTO clinicalcode_codingsystemfilter_operators (id, codingsystemfilter_id, operator_id) VALUES (735, 58, 1);
	INSERT INTO clinicalcode_codingsystemfilter_operators (id, codingsystemfilter_id, operator_id) VALUES (736, 58, 2);
	INSERT INTO clinicalcode_codingsystemfilter_operators (id, codingsystemfilter_id, operator_id) VALUES (737, 58, 3);
	INSERT INTO clinicalcode_codingsystemfilter_operators (id, codingsystemfilter_id, operator_id) VALUES (738, 58, 4);
	INSERT INTO clinicalcode_codingsystemfilter_operators (id, codingsystemfilter_id, operator_id) VALUES (739, 58, 11);
	INSERT INTO clinicalcode_codingsystemfilter_operators (id, codingsystemfilter_id, operator_id) VALUES (740, 58, 12);
	INSERT INTO clinicalcode_codingsystemfilter_operators (id, codingsystemfilter_id, operator_id) VALUES (741, 58, 13);
	INSERT INTO clinicalcode_codingsystemfilter_operators (id, codingsystemfilter_id, operator_id) VALUES (742, 58, 14);
	INSERT INTO clinicalcode_codingsystemfilter_operators (id, codingsystemfilter_id, operator_id) VALUES (743, 58, 15);
	INSERT INTO clinicalcode_codingsystemfilter_operators (id, codingsystemfilter_id, operator_id) VALUES (744, 58, 16);
	INSERT INTO clinicalcode_codingsystemfilter_operators (id, codingsystemfilter_id, operator_id) VALUES (745, 58, 17);
	INSERT INTO clinicalcode_codingsystemfilter_operators (id, codingsystemfilter_id, operator_id) VALUES (746, 58, 18);
	INSERT INTO clinicalcode_codingsystemfilter_operators (id, codingsystemfilter_id, operator_id) VALUES (747, 58, 19);
	INSERT INTO clinicalcode_codingsystemfilter_operators (id, codingsystemfilter_id, operator_id) VALUES (748, 58, 20);
	INSERT INTO clinicalcode_codingsystemfilter_operators (id, codingsystemfilter_id, operator_id) VALUES (749, 59, 1);
	INSERT INTO clinicalcode_codingsystemfilter_operators (id, codingsystemfilter_id, operator_id) VALUES (750, 59, 2);
	INSERT INTO clinicalcode_codingsystemfilter_operators (id, codingsystemfilter_id, operator_id) VALUES (751, 59, 3);
	INSERT INTO clinicalcode_codingsystemfilter_operators (id, codingsystemfilter_id, operator_id) VALUES (752, 59, 4);
	INSERT INTO clinicalcode_codingsystemfilter_operators (id, codingsystemfilter_id, operator_id) VALUES (753, 59, 11);
	INSERT INTO clinicalcode_codingsystemfilter_operators (id, codingsystemfilter_id, operator_id) VALUES (754, 59, 12);
	INSERT INTO clinicalcode_codingsystemfilter_operators (id, codingsystemfilter_id, operator_id) VALUES (755, 59, 13);
	INSERT INTO clinicalcode_codingsystemfilter_operators (id, codingsystemfilter_id, operator_id) VALUES (756, 59, 14);
	INSERT INTO clinicalcode_codingsystemfilter_operators (id, codingsystemfilter_id, operator_id) VALUES (757, 59, 15);
	INSERT INTO clinicalcode_codingsystemfilter_operators (id, codingsystemfilter_id, operator_id) VALUES (758, 59, 16);
	INSERT INTO clinicalcode_codingsystemfilter_operators (id, codingsystemfilter_id, operator_id) VALUES (759, 59, 17);
	INSERT INTO clinicalcode_codingsystemfilter_operators (id, codingsystemfilter_id, operator_id) VALUES (760, 59, 18);
	INSERT INTO clinicalcode_codingsystemfilter_operators (id, codingsystemfilter_id, operator_id) VALUES (761, 59, 19);
	INSERT INTO clinicalcode_codingsystemfilter_operators (id, codingsystemfilter_id, operator_id) VALUES (762, 59, 20);
	INSERT INTO clinicalcode_codingsystemfilter_operators (id, codingsystemfilter_id, operator_id) VALUES (763, 60, 1);
	INSERT INTO clinicalcode_codingsystemfilter_operators (id, codingsystemfilter_id, operator_id) VALUES (764, 60, 2);
	INSERT INTO clinicalcode_codingsystemfilter_operators (id, codingsystemfilter_id, operator_id) VALUES (765, 60, 3);
	INSERT INTO clinicalcode_codingsystemfilter_operators (id, codingsystemfilter_id, operator_id) VALUES (766, 60, 4);
	INSERT INTO clinicalcode_codingsystemfilter_operators (id, codingsystemfilter_id, operator_id) VALUES (767, 60, 11);
	INSERT INTO clinicalcode_codingsystemfilter_operators (id, codingsystemfilter_id, operator_id) VALUES (768, 60, 12);
	INSERT INTO clinicalcode_codingsystemfilter_operators (id, codingsystemfilter_id, operator_id) VALUES (769, 60, 13);
	INSERT INTO clinicalcode_codingsystemfilter_operators (id, codingsystemfilter_id, operator_id) VALUES (770, 60, 14);
	INSERT INTO clinicalcode_codingsystemfilter_operators (id, codingsystemfilter_id, operator_id) VALUES (771, 60, 15);
	INSERT INTO clinicalcode_codingsystemfilter_operators (id, codingsystemfilter_id, operator_id) VALUES (772, 60, 16);
	INSERT INTO clinicalcode_codingsystemfilter_operators (id, codingsystemfilter_id, operator_id) VALUES (773, 60, 17);
	INSERT INTO clinicalcode_codingsystemfilter_operators (id, codingsystemfilter_id, operator_id) VALUES (774, 60, 18);
	INSERT INTO clinicalcode_codingsystemfilter_operators (id, codingsystemfilter_id, operator_id) VALUES (775, 60, 19);
	INSERT INTO clinicalcode_codingsystemfilter_operators (id, codingsystemfilter_id, operator_id) VALUES (776, 60, 20);
	INSERT INTO clinicalcode_codingsystemfilter_operators (id, codingsystemfilter_id, operator_id) VALUES (777, 61, 1);
	INSERT INTO clinicalcode_codingsystemfilter_operators (id, codingsystemfilter_id, operator_id) VALUES (778, 61, 2);
	INSERT INTO clinicalcode_codingsystemfilter_operators (id, codingsystemfilter_id, operator_id) VALUES (779, 61, 3);
	INSERT INTO clinicalcode_codingsystemfilter_operators (id, codingsystemfilter_id, operator_id) VALUES (780, 61, 4);
	INSERT INTO clinicalcode_codingsystemfilter_operators (id, codingsystemfilter_id, operator_id) VALUES (781, 61, 11);
	INSERT INTO clinicalcode_codingsystemfilter_operators (id, codingsystemfilter_id, operator_id) VALUES (782, 61, 12);
	INSERT INTO clinicalcode_codingsystemfilter_operators (id, codingsystemfilter_id, operator_id) VALUES (783, 61, 13);
	INSERT INTO clinicalcode_codingsystemfilter_operators (id, codingsystemfilter_id, operator_id) VALUES (784, 61, 14);
	INSERT INTO clinicalcode_codingsystemfilter_operators (id, codingsystemfilter_id, operator_id) VALUES (785, 61, 15);
	INSERT INTO clinicalcode_codingsystemfilter_operators (id, codingsystemfilter_id, operator_id) VALUES (786, 61, 16);
	INSERT INTO clinicalcode_codingsystemfilter_operators (id, codingsystemfilter_id, operator_id) VALUES (787, 61, 17);
	INSERT INTO clinicalcode_codingsystemfilter_operators (id, codingsystemfilter_id, operator_id) VALUES (788, 61, 18);
	INSERT INTO clinicalcode_codingsystemfilter_operators (id, codingsystemfilter_id, operator_id) VALUES (789, 61, 19);
	INSERT INTO clinicalcode_codingsystemfilter_operators (id, codingsystemfilter_id, operator_id) VALUES (790, 61, 20);
	INSERT INTO clinicalcode_codingsystemfilter_operators (id, codingsystemfilter_id, operator_id) VALUES (791, 62, 1);
	INSERT INTO clinicalcode_codingsystemfilter_operators (id, codingsystemfilter_id, operator_id) VALUES (792, 62, 2);
	INSERT INTO clinicalcode_codingsystemfilter_operators (id, codingsystemfilter_id, operator_id) VALUES (793, 62, 3);
	INSERT INTO clinicalcode_codingsystemfilter_operators (id, codingsystemfilter_id, operator_id) VALUES (794, 62, 4);
	INSERT INTO clinicalcode_codingsystemfilter_operators (id, codingsystemfilter_id, operator_id) VALUES (795, 62, 11);
	INSERT INTO clinicalcode_codingsystemfilter_operators (id, codingsystemfilter_id, operator_id) VALUES (796, 62, 12);
	INSERT INTO clinicalcode_codingsystemfilter_operators (id, codingsystemfilter_id, operator_id) VALUES (797, 62, 13);
	INSERT INTO clinicalcode_codingsystemfilter_operators (id, codingsystemfilter_id, operator_id) VALUES (798, 62, 14);
	INSERT INTO clinicalcode_codingsystemfilter_operators (id, codingsystemfilter_id, operator_id) VALUES (799, 62, 15);
	INSERT INTO clinicalcode_codingsystemfilter_operators (id, codingsystemfilter_id, operator_id) VALUES (800, 62, 16);
	INSERT INTO clinicalcode_codingsystemfilter_operators (id, codingsystemfilter_id, operator_id) VALUES (801, 62, 17);
	INSERT INTO clinicalcode_codingsystemfilter_operators (id, codingsystemfilter_id, operator_id) VALUES (802, 62, 18);
	INSERT INTO clinicalcode_codingsystemfilter_operators (id, codingsystemfilter_id, operator_id) VALUES (803, 62, 19);
	INSERT INTO clinicalcode_codingsystemfilter_operators (id, codingsystemfilter_id, operator_id) VALUES (804, 62, 20);
	INSERT INTO clinicalcode_codingsystemfilter_operators (id, codingsystemfilter_id, operator_id) VALUES (805, 63, 1);
	INSERT INTO clinicalcode_codingsystemfilter_operators (id, codingsystemfilter_id, operator_id) VALUES (806, 63, 2);
	INSERT INTO clinicalcode_codingsystemfilter_operators (id, codingsystemfilter_id, operator_id) VALUES (807, 63, 3);
	INSERT INTO clinicalcode_codingsystemfilter_operators (id, codingsystemfilter_id, operator_id) VALUES (808, 63, 4);
	INSERT INTO clinicalcode_codingsystemfilter_operators (id, codingsystemfilter_id, operator_id) VALUES (809, 63, 11);
	INSERT INTO clinicalcode_codingsystemfilter_operators (id, codingsystemfilter_id, operator_id) VALUES (810, 63, 12);
	INSERT INTO clinicalcode_codingsystemfilter_operators (id, codingsystemfilter_id, operator_id) VALUES (811, 63, 13);
	INSERT INTO clinicalcode_codingsystemfilter_operators (id, codingsystemfilter_id, operator_id) VALUES (812, 63, 14);
	INSERT INTO clinicalcode_codingsystemfilter_operators (id, codingsystemfilter_id, operator_id) VALUES (813, 63, 15);
	INSERT INTO clinicalcode_codingsystemfilter_operators (id, codingsystemfilter_id, operator_id) VALUES (814, 63, 16);
	INSERT INTO clinicalcode_codingsystemfilter_operators (id, codingsystemfilter_id, operator_id) VALUES (815, 63, 17);
	INSERT INTO clinicalcode_codingsystemfilter_operators (id, codingsystemfilter_id, operator_id) VALUES (816, 63, 18);
	INSERT INTO clinicalcode_codingsystemfilter_operators (id, codingsystemfilter_id, operator_id) VALUES (817, 63, 19);
	INSERT INTO clinicalcode_codingsystemfilter_operators (id, codingsystemfilter_id, operator_id) VALUES (818, 63, 20);
	INSERT INTO clinicalcode_codingsystemfilter_operators (id, codingsystemfilter_id, operator_id) VALUES (819, 64, 1);
	INSERT INTO clinicalcode_codingsystemfilter_operators (id, codingsystemfilter_id, operator_id) VALUES (820, 64, 2);
	INSERT INTO clinicalcode_codingsystemfilter_operators (id, codingsystemfilter_id, operator_id) VALUES (821, 64, 3);
	INSERT INTO clinicalcode_codingsystemfilter_operators (id, codingsystemfilter_id, operator_id) VALUES (822, 64, 4);
	INSERT INTO clinicalcode_codingsystemfilter_operators (id, codingsystemfilter_id, operator_id) VALUES (823, 64, 11);
	INSERT INTO clinicalcode_codingsystemfilter_operators (id, codingsystemfilter_id, operator_id) VALUES (824, 64, 12);
	INSERT INTO clinicalcode_codingsystemfilter_operators (id, codingsystemfilter_id, operator_id) VALUES (825, 64, 13);
	INSERT INTO clinicalcode_codingsystemfilter_operators (id, codingsystemfilter_id, operator_id) VALUES (826, 64, 14);
	INSERT INTO clinicalcode_codingsystemfilter_operators (id, codingsystemfilter_id, operator_id) VALUES (827, 64, 15);
	INSERT INTO clinicalcode_codingsystemfilter_operators (id, codingsystemfilter_id, operator_id) VALUES (828, 64, 16);
	INSERT INTO clinicalcode_codingsystemfilter_operators (id, codingsystemfilter_id, operator_id) VALUES (829, 64, 17);
	INSERT INTO clinicalcode_codingsystemfilter_operators (id, codingsystemfilter_id, operator_id) VALUES (830, 64, 18);
	INSERT INTO clinicalcode_codingsystemfilter_operators (id, codingsystemfilter_id, operator_id) VALUES (831, 64, 19);
	INSERT INTO clinicalcode_codingsystemfilter_operators (id, codingsystemfilter_id, operator_id) VALUES (832, 64, 20);
	INSERT INTO clinicalcode_codingsystemfilter_operators (id, codingsystemfilter_id, operator_id) VALUES (833, 65, 1);
	INSERT INTO clinicalcode_codingsystemfilter_operators (id, codingsystemfilter_id, operator_id) VALUES (834, 65, 2);
	INSERT INTO clinicalcode_codingsystemfilter_operators (id, codingsystemfilter_id, operator_id) VALUES (835, 65, 3);
	INSERT INTO clinicalcode_codingsystemfilter_operators (id, codingsystemfilter_id, operator_id) VALUES (836, 65, 4);
	INSERT INTO clinicalcode_codingsystemfilter_operators (id, codingsystemfilter_id, operator_id) VALUES (837, 65, 11);
	INSERT INTO clinicalcode_codingsystemfilter_operators (id, codingsystemfilter_id, operator_id) VALUES (838, 65, 12);
	INSERT INTO clinicalcode_codingsystemfilter_operators (id, codingsystemfilter_id, operator_id) VALUES (839, 65, 13);
	INSERT INTO clinicalcode_codingsystemfilter_operators (id, codingsystemfilter_id, operator_id) VALUES (840, 65, 14);
	INSERT INTO clinicalcode_codingsystemfilter_operators (id, codingsystemfilter_id, operator_id) VALUES (841, 65, 15);
	INSERT INTO clinicalcode_codingsystemfilter_operators (id, codingsystemfilter_id, operator_id) VALUES (842, 65, 16);
	INSERT INTO clinicalcode_codingsystemfilter_operators (id, codingsystemfilter_id, operator_id) VALUES (843, 65, 17);
	INSERT INTO clinicalcode_codingsystemfilter_operators (id, codingsystemfilter_id, operator_id) VALUES (844, 65, 18);
	INSERT INTO clinicalcode_codingsystemfilter_operators (id, codingsystemfilter_id, operator_id) VALUES (845, 65, 19);
	INSERT INTO clinicalcode_codingsystemfilter_operators (id, codingsystemfilter_id, operator_id) VALUES (846, 65, 20);
	INSERT INTO clinicalcode_codingsystemfilter_operators (id, codingsystemfilter_id, operator_id) VALUES (847, 66, 1);
	INSERT INTO clinicalcode_codingsystemfilter_operators (id, codingsystemfilter_id, operator_id) VALUES (848, 66, 2);
	INSERT INTO clinicalcode_codingsystemfilter_operators (id, codingsystemfilter_id, operator_id) VALUES (849, 66, 3);
	INSERT INTO clinicalcode_codingsystemfilter_operators (id, codingsystemfilter_id, operator_id) VALUES (850, 66, 4);
	INSERT INTO clinicalcode_codingsystemfilter_operators (id, codingsystemfilter_id, operator_id) VALUES (851, 66, 11);
	INSERT INTO clinicalcode_codingsystemfilter_operators (id, codingsystemfilter_id, operator_id) VALUES (852, 66, 12);
	INSERT INTO clinicalcode_codingsystemfilter_operators (id, codingsystemfilter_id, operator_id) VALUES (853, 66, 13);
	INSERT INTO clinicalcode_codingsystemfilter_operators (id, codingsystemfilter_id, operator_id) VALUES (854, 66, 14);
	INSERT INTO clinicalcode_codingsystemfilter_operators (id, codingsystemfilter_id, operator_id) VALUES (855, 66, 15);
	INSERT INTO clinicalcode_codingsystemfilter_operators (id, codingsystemfilter_id, operator_id) VALUES (856, 66, 16);
	INSERT INTO clinicalcode_codingsystemfilter_operators (id, codingsystemfilter_id, operator_id) VALUES (857, 66, 17);
	INSERT INTO clinicalcode_codingsystemfilter_operators (id, codingsystemfilter_id, operator_id) VALUES (858, 66, 18);
	INSERT INTO clinicalcode_codingsystemfilter_operators (id, codingsystemfilter_id, operator_id) VALUES (859, 66, 19);
	INSERT INTO clinicalcode_codingsystemfilter_operators (id, codingsystemfilter_id, operator_id) VALUES (860, 66, 20);
	INSERT INTO clinicalcode_codingsystemfilter_operators (id, codingsystemfilter_id, operator_id) VALUES (861, 67, 1);
	INSERT INTO clinicalcode_codingsystemfilter_operators (id, codingsystemfilter_id, operator_id) VALUES (862, 67, 2);
	INSERT INTO clinicalcode_codingsystemfilter_operators (id, codingsystemfilter_id, operator_id) VALUES (863, 67, 3);
	INSERT INTO clinicalcode_codingsystemfilter_operators (id, codingsystemfilter_id, operator_id) VALUES (864, 67, 4);
	INSERT INTO clinicalcode_codingsystemfilter_operators (id, codingsystemfilter_id, operator_id) VALUES (865, 67, 5);
	INSERT INTO clinicalcode_codingsystemfilter_operators (id, codingsystemfilter_id, operator_id) VALUES (866, 67, 6);
	INSERT INTO clinicalcode_codingsystemfilter_operators (id, codingsystemfilter_id, operator_id) VALUES (867, 67, 7);
	INSERT INTO clinicalcode_codingsystemfilter_operators (id, codingsystemfilter_id, operator_id) VALUES (868, 67, 8);
	INSERT INTO clinicalcode_codingsystemfilter_operators (id, codingsystemfilter_id, operator_id) VALUES (869, 67, 9);
	INSERT INTO clinicalcode_codingsystemfilter_operators (id, codingsystemfilter_id, operator_id) VALUES (870, 67, 10);
	INSERT INTO clinicalcode_codingsystemfilter_operators (id, codingsystemfilter_id, operator_id) VALUES (871, 67, 19);
	INSERT INTO clinicalcode_codingsystemfilter_operators (id, codingsystemfilter_id, operator_id) VALUES (872, 67, 20);
	INSERT INTO clinicalcode_codingsystemfilter_operators (id, codingsystemfilter_id, operator_id) VALUES (873, 68, 1);
	INSERT INTO clinicalcode_codingsystemfilter_operators (id, codingsystemfilter_id, operator_id) VALUES (874, 68, 2);
	INSERT INTO clinicalcode_codingsystemfilter_operators (id, codingsystemfilter_id, operator_id) VALUES (875, 68, 3);
	INSERT INTO clinicalcode_codingsystemfilter_operators (id, codingsystemfilter_id, operator_id) VALUES (876, 68, 4);
	INSERT INTO clinicalcode_codingsystemfilter_operators (id, codingsystemfilter_id, operator_id) VALUES (877, 68, 5);
	INSERT INTO clinicalcode_codingsystemfilter_operators (id, codingsystemfilter_id, operator_id) VALUES (878, 68, 6);
	INSERT INTO clinicalcode_codingsystemfilter_operators (id, codingsystemfilter_id, operator_id) VALUES (879, 68, 7);
	INSERT INTO clinicalcode_codingsystemfilter_operators (id, codingsystemfilter_id, operator_id) VALUES (880, 68, 8);
	INSERT INTO clinicalcode_codingsystemfilter_operators (id, codingsystemfilter_id, operator_id) VALUES (881, 68, 9);
	INSERT INTO clinicalcode_codingsystemfilter_operators (id, codingsystemfilter_id, operator_id) VALUES (882, 68, 10);
	INSERT INTO clinicalcode_codingsystemfilter_operators (id, codingsystemfilter_id, operator_id) VALUES (883, 68, 19);
	INSERT INTO clinicalcode_codingsystemfilter_operators (id, codingsystemfilter_id, operator_id) VALUES (884, 68, 20);
	INSERT INTO clinicalcode_codingsystemfilter_operators (id, codingsystemfilter_id, operator_id) VALUES (885, 69, 1);
	INSERT INTO clinicalcode_codingsystemfilter_operators (id, codingsystemfilter_id, operator_id) VALUES (886, 69, 2);
	INSERT INTO clinicalcode_codingsystemfilter_operators (id, codingsystemfilter_id, operator_id) VALUES (887, 69, 3);
	INSERT INTO clinicalcode_codingsystemfilter_operators (id, codingsystemfilter_id, operator_id) VALUES (888, 69, 4);
	INSERT INTO clinicalcode_codingsystemfilter_operators (id, codingsystemfilter_id, operator_id) VALUES (889, 69, 5);
	INSERT INTO clinicalcode_codingsystemfilter_operators (id, codingsystemfilter_id, operator_id) VALUES (890, 69, 6);
	INSERT INTO clinicalcode_codingsystemfilter_operators (id, codingsystemfilter_id, operator_id) VALUES (891, 69, 7);
	INSERT INTO clinicalcode_codingsystemfilter_operators (id, codingsystemfilter_id, operator_id) VALUES (892, 69, 8);
	INSERT INTO clinicalcode_codingsystemfilter_operators (id, codingsystemfilter_id, operator_id) VALUES (893, 69, 9);
	INSERT INTO clinicalcode_codingsystemfilter_operators (id, codingsystemfilter_id, operator_id) VALUES (894, 69, 10);
	INSERT INTO clinicalcode_codingsystemfilter_operators (id, codingsystemfilter_id, operator_id) VALUES (895, 69, 19);
	INSERT INTO clinicalcode_codingsystemfilter_operators (id, codingsystemfilter_id, operator_id) VALUES (896, 69, 20);
	INSERT INTO clinicalcode_codingsystemfilter_operators (id, codingsystemfilter_id, operator_id) VALUES (897, 70, 1);
	INSERT INTO clinicalcode_codingsystemfilter_operators (id, codingsystemfilter_id, operator_id) VALUES (898, 70, 2);
	INSERT INTO clinicalcode_codingsystemfilter_operators (id, codingsystemfilter_id, operator_id) VALUES (899, 70, 3);
	INSERT INTO clinicalcode_codingsystemfilter_operators (id, codingsystemfilter_id, operator_id) VALUES (900, 70, 4);
	INSERT INTO clinicalcode_codingsystemfilter_operators (id, codingsystemfilter_id, operator_id) VALUES (901, 70, 5);
	INSERT INTO clinicalcode_codingsystemfilter_operators (id, codingsystemfilter_id, operator_id) VALUES (902, 70, 6);
	INSERT INTO clinicalcode_codingsystemfilter_operators (id, codingsystemfilter_id, operator_id) VALUES (903, 70, 7);
	INSERT INTO clinicalcode_codingsystemfilter_operators (id, codingsystemfilter_id, operator_id) VALUES (904, 70, 8);
	INSERT INTO clinicalcode_codingsystemfilter_operators (id, codingsystemfilter_id, operator_id) VALUES (905, 70, 9);
	INSERT INTO clinicalcode_codingsystemfilter_operators (id, codingsystemfilter_id, operator_id) VALUES (906, 70, 10);
	INSERT INTO clinicalcode_codingsystemfilter_operators (id, codingsystemfilter_id, operator_id) VALUES (907, 70, 19);
	INSERT INTO clinicalcode_codingsystemfilter_operators (id, codingsystemfilter_id, operator_id) VALUES (908, 70, 20);
	INSERT INTO clinicalcode_codingsystemfilter_operators (id, codingsystemfilter_id, operator_id) VALUES (909, 71, 1);
	INSERT INTO clinicalcode_codingsystemfilter_operators (id, codingsystemfilter_id, operator_id) VALUES (910, 71, 2);
	INSERT INTO clinicalcode_codingsystemfilter_operators (id, codingsystemfilter_id, operator_id) VALUES (911, 71, 3);
	INSERT INTO clinicalcode_codingsystemfilter_operators (id, codingsystemfilter_id, operator_id) VALUES (912, 71, 4);
	INSERT INTO clinicalcode_codingsystemfilter_operators (id, codingsystemfilter_id, operator_id) VALUES (913, 71, 5);
	INSERT INTO clinicalcode_codingsystemfilter_operators (id, codingsystemfilter_id, operator_id) VALUES (914, 71, 6);
	INSERT INTO clinicalcode_codingsystemfilter_operators (id, codingsystemfilter_id, operator_id) VALUES (915, 71, 7);
	INSERT INTO clinicalcode_codingsystemfilter_operators (id, codingsystemfilter_id, operator_id) VALUES (916, 71, 8);
	INSERT INTO clinicalcode_codingsystemfilter_operators (id, codingsystemfilter_id, operator_id) VALUES (917, 71, 9);
	INSERT INTO clinicalcode_codingsystemfilter_operators (id, codingsystemfilter_id, operator_id) VALUES (918, 71, 10);
	INSERT INTO clinicalcode_codingsystemfilter_operators (id, codingsystemfilter_id, operator_id) VALUES (919, 71, 19);
	INSERT INTO clinicalcode_codingsystemfilter_operators (id, codingsystemfilter_id, operator_id) VALUES (920, 71, 20);
	INSERT INTO clinicalcode_codingsystemfilter_operators (id, codingsystemfilter_id, operator_id) VALUES (921, 18, 5);
	INSERT INTO clinicalcode_codingsystemfilter_operators (id, codingsystemfilter_id, operator_id) VALUES (922, 18, 6);
	INSERT INTO clinicalcode_codingsystemfilter_operators (id, codingsystemfilter_id, operator_id) VALUES (923, 18, 7);
	INSERT INTO clinicalcode_codingsystemfilter_operators (id, codingsystemfilter_id, operator_id) VALUES (924, 18, 8);
	INSERT INTO clinicalcode_codingsystemfilter_operators (id, codingsystemfilter_id, operator_id) VALUES (925, 18, 9);
	INSERT INTO clinicalcode_codingsystemfilter_operators (id, codingsystemfilter_id, operator_id) VALUES (926, 18, 10);
	INSERT INTO clinicalcode_codingsystemfilter_operators (id, codingsystemfilter_id, operator_id) VALUES (927, 20, 5);
	INSERT INTO clinicalcode_codingsystemfilter_operators (id, codingsystemfilter_id, operator_id) VALUES (928, 20, 6);
	INSERT INTO clinicalcode_codingsystemfilter_operators (id, codingsystemfilter_id, operator_id) VALUES (929, 20, 7);
	INSERT INTO clinicalcode_codingsystemfilter_operators (id, codingsystemfilter_id, operator_id) VALUES (930, 20, 8);
	INSERT INTO clinicalcode_codingsystemfilter_operators (id, codingsystemfilter_id, operator_id) VALUES (931, 20, 9);
	INSERT INTO clinicalcode_codingsystemfilter_operators (id, codingsystemfilter_id, operator_id) VALUES (932, 20, 10);
	INSERT INTO clinicalcode_codingsystemfilter_operators (id, codingsystemfilter_id, operator_id) VALUES (933, 29, 5);
	INSERT INTO clinicalcode_codingsystemfilter_operators (id, codingsystemfilter_id, operator_id) VALUES (934, 29, 6);
	INSERT INTO clinicalcode_codingsystemfilter_operators (id, codingsystemfilter_id, operator_id) VALUES (935, 29, 7);
	INSERT INTO clinicalcode_codingsystemfilter_operators (id, codingsystemfilter_id, operator_id) VALUES (936, 29, 8);
	INSERT INTO clinicalcode_codingsystemfilter_operators (id, codingsystemfilter_id, operator_id) VALUES (937, 29, 9);
	INSERT INTO clinicalcode_codingsystemfilter_operators (id, codingsystemfilter_id, operator_id) VALUES (938, 29, 10);
	INSERT INTO clinicalcode_codingsystemfilter_operators (id, codingsystemfilter_id, operator_id) VALUES (939, 32, 5);
	INSERT INTO clinicalcode_codingsystemfilter_operators (id, codingsystemfilter_id, operator_id) VALUES (940, 32, 6);
	INSERT INTO clinicalcode_codingsystemfilter_operators (id, codingsystemfilter_id, operator_id) VALUES (941, 32, 7);
	INSERT INTO clinicalcode_codingsystemfilter_operators (id, codingsystemfilter_id, operator_id) VALUES (942, 32, 8);
	INSERT INTO clinicalcode_codingsystemfilter_operators (id, codingsystemfilter_id, operator_id) VALUES (943, 32, 9);
	INSERT INTO clinicalcode_codingsystemfilter_operators (id, codingsystemfilter_id, operator_id) VALUES (944, 32, 10);

	SELECT pg_catalog.setval('clinicalcode_codingsystemfilter_operators_id_seq', 944, true);

	--remove invariant fields / unimportant (and single value) from Querybuilder
	DELETE FROM clinicalcode_codingsystemfilter_operators  WHERE (codingsystemfilter_id >= 39 and codingsystemfilter_id <= 44);
	DELETE FROM clinicalcode_codingsystemfilter  WHERE (coding_system_filter_id >= 39 and coding_system_filter_id <= 44);

	DELETE FROM clinicalcode_codingsystemfilter_operators  WHERE (codingsystemfilter_id >=66 and codingsystemfilter_id <= 71);
    DELETE FROM clinicalcode_codingsystemfilter  WHERE (coding_system_filter_id >= 66 and coding_system_filter_id <= 71);

    DELETE FROM clinicalcode_codingsystemfilter_operators  WHERE (codingsystemfilter_id  in(5, 16 , 17, 18, 19, 21, 22, 23));
    DELETE FROM clinicalcode_codingsystemfilter  WHERE (coding_system_filter_id   in(5, 16 , 17, 18, 19, 21, 22, 23));

	DELETE FROM clinicalcode_codingsystemfilter_operators WHERE (codingsystemfilter_id  in(29, 30, 31, 33, 34, 35));
	DELETE FROM clinicalcode_codingsystemfilter  WHERE (coding_system_filter_id   in(29, 30, 31, 33, 34, 35));



COMMIT;